mfcc,kurtosis,01,
mfcc,kurtosis,02,
mfcc,kurtosis,03,
mfcc,kurtosis,04,
mfcc,kurtosis,05,
mfcc,kurtosis,06,
mfcc,kurtosis,07,
mfcc,kurtosis,08,
mfcc,kurtosis,09,
mfcc,kurtosis,10,
mfcc,kurtosis,11,
mfcc,kurtosis,12,
mfcc,kurtosis,13,
mfcc,kurtosis,14,
mfcc,kurtosis,15,
mfcc,kurtosis,16,
mfcc,kurtosis,17,
mfcc,kurtosis,18,
mfcc,kurtosis,19,
mfcc,kurtosis,20,
mfcc,max,01,
mfcc,max,02,
mfcc,max,03,
mfcc,max,04,
mfcc,max,05,
mfcc,max,06,
mfcc,max,07,
mfcc,max,08,
mfcc,max,09,
mfcc,max,10,
mfcc,max,11,
mfcc,max,12,
mfcc,max,13,
mfcc,max,14,
mfcc,max,15,
mfcc,max,16,
mfcc,max,17,
mfcc,max,18,
mfcc,max,19,
mfcc,max,20,
mfcc,mean,01,
mfcc,mean,02,
mfcc,mean,03,
mfcc,mean,04,
mfcc,mean,05,
mfcc,mean,06,
mfcc,mean,07,
mfcc,mean,08,
mfcc,mean,09,
mfcc,mean,10,
mfcc,mean,11,
mfcc,mean,12,
mfcc,mean,13,
mfcc,mean,14,
mfcc,mean,15,
mfcc,mean,16,
mfcc,mean,17,
mfcc,mean,18,
mfcc,mean,19,
mfcc,mean,20,
mfcc,median,01,
mfcc,median,02,
mfcc,median,03,
mfcc,median,04,
mfcc,median,05,
mfcc,median,06,
mfcc,median,07,
mfcc,median,08,
mfcc,median,09,
mfcc,median,10,
mfcc,median,11,
mfcc,median,12,
mfcc,median,13,
mfcc,median,14,
mfcc,median,15,
mfcc,median,16,
mfcc,median,17,
mfcc,median,18,
mfcc,median,19,
mfcc,median,20,
mfcc,min,01,
mfcc,min,02,
mfcc,min,03,
mfcc,min,04,
mfcc,min,05,
mfcc,min,06,
mfcc,min,07,
mfcc,min,08,
mfcc,min,09,
mfcc,min,10,
mfcc,min,11,
mfcc,min,12,
mfcc,min,13,
mfcc,min,14,
mfcc,min,15,
mfcc,min,16,
mfcc,min,17,
mfcc,min,18,
mfcc,min,19,
mfcc,min,20,
mfcc,skew,01,
mfcc,skew,02,
mfcc,skew,03,
mfcc,skew,04,
mfcc,skew,05,
mfcc,skew,06,
mfcc,skew,07,
mfcc,skew,08,
mfcc,skew,09,
mfcc,skew,10,
mfcc,skew,11,
mfcc,skew,12,
mfcc,skew,13,
mfcc,skew,14,
mfcc,skew,15,
mfcc,skew,16,
mfcc,skew,17,
mfcc,skew,18,
mfcc,skew,19,
mfcc,skew,20,
mfcc,std,01,
mfcc,std,02,
mfcc,std,03,
mfcc,std,04,
mfcc,std,05,
mfcc,std,06,
mfcc,std,07,
mfcc,std,08,
mfcc,std,09,
mfcc,std,10,
mfcc,std,11,
mfcc,std,12,
mfcc,std,13,
mfcc,std,14,
mfcc,std,15,
mfcc,std,16,
mfcc,std,17,
mfcc,std,18,
mfcc,std,19,
mfcc,std,20,
mfcc,kurtosis,01,
mfcc,kurtosis,02,
mfcc,kurtosis,03,
mfcc,kurtosis,04,
mfcc,kurtosis,05,
mfcc,kurtosis,06,
mfcc,kurtosis,07,
mfcc,kurtosis,08,
mfcc,kurtosis,09,
mfcc,kurtosis,10,
mfcc,kurtosis,11,
mfcc,kurtosis,12,
mfcc,kurtosis,13,
mfcc,kurtosis,14,
mfcc,kurtosis,15,
mfcc,kurtosis,16,
mfcc,kurtosis,17,
mfcc,kurtosis,18,
mfcc,kurtosis,19,
mfcc,kurtosis,20,
mfcc,max,01,
mfcc,max,02,
mfcc,max,03,
mfcc,max,04,
mfcc,max,05,
mfcc,max,06,
mfcc,max,07,
mfcc,max,08,
mfcc,max,09,
mfcc,max,10,
mfcc,max,11,
mfcc,max,12,
mfcc,max,13,
mfcc,max,14,
mfcc,max,15,
mfcc,max,16,
mfcc,max,17,
mfcc,max,18,
mfcc,max,19,
mfcc,max,20,
mfcc,mean,01,
mfcc,mean,02,
mfcc,mean,03,
mfcc,mean,04,
mfcc,mean,05,
mfcc,mean,06,
mfcc,mean,07,
mfcc,mean,08,
mfcc,mean,09,
mfcc,mean,10,
mfcc,mean,11,
mfcc,mean,12,
mfcc,mean,13,
mfcc,mean,14,
mfcc,mean,15,
mfcc,mean,16,
mfcc,mean,17,
mfcc,mean,18,
mfcc,mean,19,
mfcc,mean,20,
mfcc,median,01,
mfcc,median,02,
mfcc,median,03,
mfcc,median,04,
mfcc,median,05,
mfcc,median,06,
mfcc,median,07,
mfcc,median,08,
mfcc,median,09,
mfcc,median,10,
mfcc,median,11,
mfcc,median,12,
mfcc,median,13,
mfcc,median,14,
mfcc,median,15,
mfcc,median,16,
mfcc,median,17,
mfcc,median,18,
mfcc,median,19,
mfcc,median,20,
mfcc,min,01,
mfcc,min,02,
mfcc,min,03,
mfcc,min,04,
mfcc,min,05,
mfcc,min,06,
mfcc,min,07,
mfcc,min,08,
mfcc,min,09,
mfcc,min,10,
mfcc,min,11,
mfcc,min,12,
mfcc,min,13,
mfcc,min,14,
mfcc,min,15,
mfcc,min,16,
mfcc,min,17,
mfcc,min,18,
mfcc,min,19,
mfcc,min,20,
mfcc,skew,01,
mfcc,skew,02,
mfcc,skew,03,
mfcc,skew,04,
mfcc,skew,05,
mfcc,skew,06,
mfcc,skew,07,
mfcc,skew,08,
mfcc,skew,09,
mfcc,skew,10,
mfcc,skew,11,
mfcc,skew,12,
mfcc,skew,13,
mfcc,skew,14,
mfcc,skew,15,
mfcc,skew,16,
mfcc,skew,17,
mfcc,skew,18,
mfcc,skew,19,
mfcc,skew,20,
mfcc,std,01,
mfcc,std,02,
mfcc,std,03,
mfcc,std,04,
mfcc,std,05,
mfcc,std,06,
mfcc,std,07,
mfcc,std,08,
mfcc,std,09,
mfcc,std,10,
mfcc,std,11,
mfcc,std,12,
mfcc,std,13,
mfcc,std,14,
mfcc,std,15,
mfcc,std,16,
mfcc,std,17,
mfcc,std,18,
mfcc,std,19,
mfcc,std,20,
mfcc,kurtosis,01,
mfcc,kurtosis,02,
mfcc,kurtosis,03,
mfcc,kurtosis,04,
mfcc,kurtosis,05,
mfcc,kurtosis,06,
mfcc,kurtosis,07,
mfcc,kurtosis,08,
mfcc,kurtosis,09,
mfcc,kurtosis,10,
mfcc,kurtosis,11,
mfcc,kurtosis,12,
mfcc,kurtosis,13,
mfcc,kurtosis,14,
mfcc,kurtosis,15,
mfcc,kurtosis,16,
mfcc,kurtosis,17,
mfcc,kurtosis,18,
mfcc,kurtosis,19,
mfcc,kurtosis,20,
mfcc,max,01,
mfcc,max,02,
mfcc,max,03,
mfcc,max,04,
mfcc,max,05,
mfcc,max,06,
mfcc,max,07,
mfcc,max,08,
mfcc,max,09,
mfcc,max,10,
mfcc,max,11,
mfcc,max,12,
mfcc,max,13,
mfcc,max,14,
mfcc,max,15,
mfcc,max,16,
mfcc,max,17,
mfcc,max,18,
mfcc,max,19,
mfcc,max,20,
mfcc,mean,01,
mfcc,mean,02,
mfcc,mean,03,
mfcc,mean,04,
mfcc,mean,05,
mfcc,mean,06,
mfcc,mean,07,
mfcc,mean,08,
mfcc,mean,09,
mfcc,mean,10,
mfcc,mean,11,
mfcc,mean,12,
mfcc,mean,13,
mfcc,mean,14,
mfcc,mean,15,
mfcc,mean,16,
mfcc,mean,17,
mfcc,mean,18,
mfcc,mean,19,
mfcc,mean,20,
mfcc,median,01,
mfcc,median,02,
mfcc,median,03,
mfcc,median,04,
mfcc,median,05,
mfcc,median,06,
mfcc,median,07,
mfcc,median,08,
mfcc,median,09,
mfcc,median,10,
mfcc,median,11,
mfcc,median,12,
mfcc,median,13,
mfcc,median,14,
mfcc,median,15,
mfcc,median,16,
mfcc,median,17,
mfcc,median,18,
mfcc,median,19,
mfcc,median,20,
mfcc,min,01,
mfcc,min,02,
mfcc,min,03,
mfcc,min,04,
mfcc,min,05,
mfcc,min,06,
mfcc,min,07,
mfcc,min,08,
mfcc,min,09,
mfcc,min,10,
mfcc,min,11,
mfcc,min,12,
mfcc,min,13,
mfcc,min,14,
mfcc,min,15,
mfcc,min,16,
mfcc,min,17,
mfcc,min,18,
mfcc,min,19,
mfcc,min,20,
mfcc,skew,01,
mfcc,skew,02,
mfcc,skew,03,
mfcc,skew,04,
mfcc,skew,05,
mfcc,skew,06,
mfcc,skew,07,
mfcc,skew,08,
mfcc,skew,09,
mfcc,skew,10,
mfcc,skew,11,
mfcc,skew,12,
mfcc,skew,13,
mfcc,skew,14,
mfcc,skew,15,
mfcc,skew,16,
mfcc,skew,17,
mfcc,skew,18,
mfcc,skew,19,
mfcc,skew,20,
mfcc,std,01,
mfcc,std,02,
mfcc,std,03,
mfcc,std,04,
mfcc,std,05,
mfcc,std,06,
mfcc,std,07,
mfcc,std,08,
mfcc,std,09,
mfcc,std,10,
mfcc,std,11,
mfcc,std,12,
mfcc,std,13,
mfcc,std,14,
mfcc,std,15,
mfcc,std,16,
mfcc,std,17,
mfcc,std,18,
mfcc,std,19,
mfcc,std,20,
mfcc,kurtosis,01,
mfcc,kurtosis,02,
mfcc,kurtosis,03,
mfcc,kurtosis,04,
mfcc,kurtosis,05,
mfcc,kurtosis,06,
mfcc,kurtosis,07,
mfcc,kurtosis,08,
mfcc,kurtosis,09,
mfcc,kurtosis,10,
mfcc,kurtosis,11,
mfcc,kurtosis,12,
mfcc,kurtosis,13,
mfcc,kurtosis,14,
mfcc,kurtosis,15,
mfcc,kurtosis,16,
mfcc,kurtosis,17,
mfcc,kurtosis,18,
mfcc,kurtosis,19,
mfcc,kurtosis,20,
mfcc,max,01,
mfcc,max,02,
mfcc,max,03,
mfcc,max,04,
mfcc,max,05,
mfcc,max,06,
mfcc,max,07,
mfcc,max,08,
mfcc,max,09,
mfcc,max,10,
mfcc,max,11,
mfcc,max,12,
mfcc,max,13,
mfcc,max,14,
mfcc,max,15,
mfcc,max,16,
mfcc,max,17,
mfcc,max,18,
mfcc,max,19,
mfcc,max,20,
mfcc,mean,01,
mfcc,mean,02,
mfcc,mean,03,
mfcc,mean,04,
mfcc,mean,05,
mfcc,mean,06,
mfcc,mean,07,
mfcc,mean,08,
mfcc,mean,09,
mfcc,mean,10,
mfcc,mean,11,
mfcc,mean,12,
mfcc,mean,13,
mfcc,mean,14,
mfcc,mean,15,
mfcc,mean,16,
mfcc,mean,17,
mfcc,mean,18,
mfcc,mean,19,
mfcc,mean,20,
mfcc,median,01,
mfcc,median,02,
mfcc,median,03,
mfcc,median,04,
mfcc,median,05,
mfcc,median,06,
mfcc,median,07,
mfcc,median,08,
mfcc,median,09,
mfcc,median,10,
mfcc,median,11,
mfcc,median,12,
mfcc,median,13,
mfcc,median,14,
mfcc,median,15,
mfcc,median,16,
mfcc,median,17,
mfcc,median,18,
mfcc,median,19,
mfcc,median,20,
mfcc,min,01,
mfcc,min,02,
mfcc,min,03,
mfcc,min,04,
mfcc,min,05,
mfcc,min,06,
mfcc,min,07,
mfcc,min,08,
mfcc,min,09,
mfcc,min,10,
mfcc,min,11,
mfcc,min,12,
mfcc,min,13,
mfcc,min,14,
mfcc,min,15,
mfcc,min,16,
mfcc,min,17,
mfcc,min,18,
mfcc,min,19,
mfcc,min,20,
mfcc,skew,01,
mfcc,skew,02,
mfcc,skew,03,
mfcc,skew,04,
mfcc,skew,05,
mfcc,skew,06,
mfcc,skew,07,
mfcc,skew,08,
mfcc,skew,09,
mfcc,skew,10,
mfcc,skew,11,
mfcc,skew,12,
mfcc,skew,13,
mfcc,skew,14,
mfcc,skew,15,
mfcc,skew,16,
mfcc,skew,17,
mfcc,skew,18,
mfcc,skew,19,
mfcc,skew,20,
mfcc,std,01,
mfcc,std,02,
mfcc,std,03,
mfcc,std,04,
mfcc,std,05,
mfcc,std,06,
mfcc,std,07,
mfcc,std,08,
mfcc,std,09,
mfcc,std,10,
mfcc,std,11,
mfcc,std,12,
mfcc,std,13,
mfcc,std,14,
mfcc,std,15,
mfcc,std,16,
mfcc,std,17,
mfcc,std,18,
mfcc,std,19,
mfcc,std,20,
mfcc,kurtosis,01,
mfcc,kurtosis,02,
mfcc,kurtosis,03,
mfcc,kurtosis,04,
mfcc,kurtosis,05,
mfcc,kurtosis,06,
mfcc,kurtosis,07,
mfcc,kurtosis,08,
mfcc,kurtosis,09,
mfcc,kurtosis,10,
mfcc,kurtosis,11,
mfcc,kurtosis,12,
mfcc,kurtosis,13,
mfcc,kurtosis,14,
mfcc,kurtosis,15,
mfcc,kurtosis,16,
mfcc,kurtosis,17,
mfcc,kurtosis,18,
mfcc,kurtosis,19,
mfcc,kurtosis,20,
mfcc,max,01,
mfcc,max,02,
mfcc,max,03,
mfcc,max,04,
mfcc,max,05,
mfcc,max,06,
mfcc,max,07,
mfcc,max,08,
mfcc,max,09,
mfcc,max,10,
mfcc,max,11,
mfcc,max,12,
mfcc,max,13,
mfcc,max,14,
mfcc,max,15,
mfcc,max,16,
mfcc,max,17,
mfcc,max,18,
mfcc,max,19,
mfcc,max,20,
mfcc,mean,01,
mfcc,mean,02,
mfcc,mean,03,
mfcc,mean,04,
mfcc,mean,05,
mfcc,mean,06,
mfcc,mean,07,
mfcc,mean,08,
mfcc,mean,09,
mfcc,mean,10,
mfcc,mean,11,
mfcc,mean,12,
mfcc,mean,13,
mfcc,mean,14,
mfcc,mean,15,
mfcc,mean,16,
mfcc,mean,17,
mfcc,mean,18,
mfcc,mean,19,
mfcc,mean,20,
mfcc,median,01,
mfcc,median,02,
mfcc,median,03,
mfcc,median,04,
mfcc,median,05,
mfcc,median,06,
mfcc,median,07,
mfcc,median,08,
mfcc,median,09,
mfcc,median,10,
mfcc,median,11,
mfcc,median,12,
mfcc,median,13,
mfcc,median,14,
mfcc,median,15,
mfcc,median,16,
mfcc,median,17,
mfcc,median,18,
mfcc,median,19,
mfcc,median,20,
mfcc,min,01,
mfcc,min,02,
mfcc,min,03,
mfcc,min,04,
mfcc,min,05,
mfcc,min,06,
mfcc,min,07,
mfcc,min,08,
mfcc,min,09,
mfcc,min,10,
mfcc,min,11,
mfcc,min,12,
mfcc,min,13,
mfcc,min,14,
mfcc,min,15,
mfcc,min,16,
mfcc,min,17,
mfcc,min,18,
mfcc,min,19,
mfcc,min,20,
mfcc,skew,01,
mfcc,skew,02,
mfcc,skew,03,
mfcc,skew,04,
mfcc,skew,05,
mfcc,skew,06,
mfcc,skew,07,
mfcc,skew,08,
mfcc,skew,09,
mfcc,skew,10,
mfcc,skew,11,
mfcc,skew,12,
mfcc,skew,13,
mfcc,skew,14,
mfcc,skew,15,
mfcc,skew,16,
mfcc,skew,17,
mfcc,skew,18,
mfcc,skew,19,
mfcc,skew,20,
mfcc,std,01,
mfcc,std,02,
mfcc,std,03,
mfcc,std,04,
mfcc,std,05,
mfcc,std,06,
mfcc,std,07,
mfcc,std,08,
mfcc,std,09,
mfcc,std,10,
mfcc,std,11,
mfcc,std,12,
mfcc,std,13,
mfcc,std,14,
mfcc,std,15,
mfcc,std,16,
mfcc,std,17,
mfcc,std,18,
mfcc,std,19,
mfcc,std,20,
mfcc,kurtosis,01,
mfcc,kurtosis,02,
mfcc,kurtosis,03,
mfcc,kurtosis,04,
mfcc,kurtosis,05,
mfcc,kurtosis,06,
mfcc,kurtosis,07,
mfcc,kurtosis,08,
mfcc,kurtosis,09,
mfcc,kurtosis,10,
mfcc,kurtosis,11,
mfcc,kurtosis,12,
mfcc,kurtosis,13,
mfcc,kurtosis,14,
mfcc,kurtosis,15,
mfcc,kurtosis,16,
mfcc,kurtosis,17,
mfcc,kurtosis,18,
mfcc,kurtosis,19,
mfcc,kurtosis,20,
mfcc,max,01,
mfcc,max,02,
mfcc,max,03,
mfcc,max,04,
mfcc,max,05,
mfcc,max,06,
mfcc,max,07,
mfcc,max,08,
mfcc,max,09,
mfcc,max,10,
mfcc,max,11,
mfcc,max,12,
mfcc,max,13,
mfcc,max,14,
mfcc,max,15,
mfcc,max,16,
mfcc,max,17,
mfcc,max,18,
mfcc,max,19,
mfcc,max,20,
mfcc,mean,01,
mfcc,mean,02,
mfcc,mean,03,
mfcc,mean,04,
mfcc,mean,05,
mfcc,mean,06,
mfcc,mean,07,
mfcc,mean,08,
mfcc,mean,09,
mfcc,mean,10,
mfcc,mean,11,
mfcc,mean,12,
mfcc,mean,13,
mfcc,mean,14,
mfcc,mean,15,
mfcc,mean,16,
mfcc,mean,17,
mfcc,mean,18,
mfcc,mean,19,
mfcc,mean,20,
mfcc,median,01,
mfcc,median,02,
mfcc,median,03,
mfcc,median,04,
mfcc,median,05,
mfcc,median,06,
mfcc,median,07,
mfcc,median,08,
mfcc,median,09,
mfcc,median,10,
mfcc,median,11,
mfcc,median,12,
mfcc,median,13,
mfcc,median,14,
mfcc,median,15,
mfcc,median,16,
mfcc,median,17,
mfcc,median,18,
mfcc,median,19,
mfcc,median,20,
mfcc,min,01,
mfcc,min,02,
mfcc,min,03,
mfcc,min,04,
mfcc,min,05,
mfcc,min,06,
mfcc,min,07,
mfcc,min,08,
mfcc,min,09,
mfcc,min,10,
mfcc,min,11,
mfcc,min,12,
mfcc,min,13,
mfcc,min,14,
mfcc,min,15,
mfcc,min,16,
mfcc,min,17,
mfcc,min,18,
mfcc,min,19,
mfcc,min,20,
mfcc,skew,01,
mfcc,skew,02,
mfcc,skew,03,
mfcc,skew,04,
mfcc,skew,05,
mfcc,skew,06,
mfcc,skew,07,
mfcc,skew,08,
mfcc,skew,09,
mfcc,skew,10,
mfcc,skew,11,
mfcc,skew,12,
mfcc,skew,13,
mfcc,skew,14,
mfcc,skew,15,
mfcc,skew,16,
mfcc,skew,17,
mfcc,skew,18,
mfcc,skew,19,
mfcc,skew,20,
mfcc,std,01,
mfcc,std,02,
mfcc,std,03,
mfcc,std,04,
mfcc,std,05,
mfcc,std,06,
mfcc,std,07,
mfcc,std,08,
mfcc,std,09,
mfcc,std,10,
mfcc,std,11,
mfcc,std,12,
mfcc,std,13,
mfcc,std,14,
mfcc,std,15,
mfcc,std,16,
mfcc,std,17,
mfcc,std,18,
mfcc,std,19,
mfcc,std,20,
mfcc,kurtosis,01,
mfcc,kurtosis,02,
mfcc,kurtosis,03,
mfcc,kurtosis,04,
mfcc,kurtosis,05,
mfcc,kurtosis,06,
mfcc,kurtosis,07,
mfcc,kurtosis,08,
mfcc,kurtosis,09,
mfcc,kurtosis,10,
mfcc,kurtosis,11,
mfcc,kurtosis,12,
mfcc,kurtosis,13,
mfcc,kurtosis,14,
mfcc,kurtosis,15,
mfcc,kurtosis,16,
mfcc,kurtosis,17,
mfcc,kurtosis,18,
mfcc,kurtosis,19,
mfcc,kurtosis,20,
mfcc,max,01,
mfcc,max,02,
mfcc,max,03,
mfcc,max,04,
mfcc,max,05,
mfcc,max,06,
mfcc,max,07,
mfcc,max,08,
mfcc,max,09,
mfcc,max,10,
mfcc,max,11,
mfcc,max,12,
mfcc,max,13,
mfcc,max,14,
mfcc,max,15,
mfcc,max,16,
mfcc,max,17,
mfcc,max,18,
mfcc,max,19,
mfcc,max,20,
mfcc,mean,01,
mfcc,mean,02,
mfcc,mean,03,
mfcc,mean,04,
mfcc,mean,05,
mfcc,mean,06,
mfcc,mean,07,
mfcc,mean,08,
mfcc,mean,09,
mfcc,mean,10,
mfcc,mean,11,
mfcc,mean,12,
mfcc,mean,13,
mfcc,mean,14,
mfcc,mean,15,
mfcc,mean,16,
mfcc,mean,17,
mfcc,mean,18,
mfcc,mean,19,
mfcc,mean,20,
mfcc,median,01,
mfcc,median,02,
mfcc,median,03,
mfcc,median,04,
mfcc,median,05,
mfcc,median,06,
mfcc,median,07,
mfcc,median,08,
mfcc,median,09,
mfcc,median,10,
mfcc,median,11,
mfcc,median,12,
mfcc,median,13,
mfcc,median,14,
mfcc,median,15,
mfcc,median,16,
mfcc,median,17,
mfcc,median,18,
mfcc,median,19,
mfcc,median,20,
mfcc,min,01,
mfcc,min,02,
mfcc,min,03,
mfcc,min,04,
mfcc,min,05,
mfcc,min,06,
mfcc,min,07,
mfcc,min,08,
mfcc,min,09,
mfcc,min,10,
mfcc,min,11,
mfcc,min,12,
mfcc,min,13,
mfcc,min,14,
mfcc,min,15,
mfcc,min,16,
mfcc,min,17,
mfcc,min,18,
mfcc,min,19,
mfcc,min,20,
mfcc,skew,01,
mfcc,skew,02,
mfcc,skew,03,
mfcc,skew,04,
mfcc,skew,05,
mfcc,skew,06,
mfcc,skew,07,
mfcc,skew,08,
mfcc,skew,09,
mfcc,skew,10,
mfcc,skew,11,
mfcc,skew,12,
mfcc,skew,13,
mfcc,skew,14,
mfcc,skew,15,
mfcc,skew,16,
mfcc,skew,17,
mfcc,skew,18,
mfcc,skew,19,
mfcc,skew,20,
mfcc,std,01,
mfcc,std,02,
mfcc,std,03,
mfcc,std,04,
mfcc,std,05,
mfcc,std,06,
mfcc,std,07,
mfcc,std,08,
mfcc,std,09,
mfcc,std,10,
mfcc,std,11,
mfcc,std,12,
mfcc,std,13,
mfcc,std,14,
mfcc,std,15,
mfcc,std,16,
mfcc,std,17,
mfcc,std,18,
mfcc,std,19,
mfcc,std,20,
mfcc,kurtosis,01,
mfcc,kurtosis,02,
mfcc,kurtosis,03,
mfcc,kurtosis,04,
mfcc,kurtosis,05,
mfcc,kurtosis,06,
mfcc,kurtosis,07,
mfcc,kurtosis,08,
mfcc,kurtosis,09,
mfcc,kurtosis,10,
mfcc,kurtosis,11,
mfcc,kurtosis,12,
mfcc,kurtosis,13,
mfcc,kurtosis,14,
mfcc,kurtosis,15,
mfcc,kurtosis,16,
mfcc,kurtosis,17,
mfcc,kurtosis,18,
mfcc,kurtosis,19,
mfcc,kurtosis,20,
mfcc,max,01,
mfcc,max,02,
mfcc,max,03,
mfcc,max,04,
mfcc,max,05,
mfcc,max,06,
mfcc,max,07,
mfcc,max,08,
mfcc,max,09,
mfcc,max,10,
mfcc,max,11,
mfcc,max,12,
mfcc,max,13,
mfcc,max,14,
mfcc,max,15,
mfcc,max,16,
mfcc,max,17,
mfcc,max,18,
mfcc,max,19,
mfcc,max,20,
mfcc,mean,01,
mfcc,mean,02,
mfcc,mean,03,
mfcc,mean,04,
mfcc,mean,05,
mfcc,mean,06,
mfcc,mean,07,
mfcc,mean,08,
mfcc,mean,09,
mfcc,mean,10,
mfcc,mean,11,
mfcc,mean,12,
mfcc,mean,13,
mfcc,mean,14,
mfcc,mean,15,
mfcc,mean,16,
mfcc,mean,17,
mfcc,mean,18,
mfcc,mean,19,
mfcc,mean,20,
mfcc,median,01,
mfcc,median,02,
mfcc,median,03,
mfcc,median,04,
mfcc,median,05,
mfcc,median,06,
mfcc,median,07,
mfcc,median,08,
mfcc,median,09,
mfcc,median,10,
mfcc,median,11,
mfcc,median,12,
mfcc,median,13,
mfcc,median,14,
mfcc,median,15,
mfcc,median,16,
mfcc,median,17,
mfcc,median,18,
mfcc,median,19,
mfcc,median,20,
mfcc,min,01,
mfcc,min,02,
mfcc,min,03,
mfcc,min,04,
mfcc,min,05,
mfcc,min,06,
mfcc,min,07,
mfcc,min,08,
mfcc,min,09,
mfcc,min,10,
mfcc,min,11,
mfcc,min,12,
mfcc,min,13,
mfcc,min,14,
mfcc,min,15,
mfcc,min,16,
mfcc,min,17,
mfcc,min,18,
mfcc,min,19,
mfcc,min,20,
mfcc,skew,01,
mfcc,skew,02,
mfcc,skew,03,
mfcc,skew,04,
mfcc,skew,05,
mfcc,skew,06,
mfcc,skew,07,
mfcc,skew,08,
mfcc,skew,09,
mfcc,skew,10,
mfcc,skew,11,
mfcc,skew,12,
mfcc,skew,13,
mfcc,skew,14,
mfcc,skew,15,
mfcc,skew,16,
mfcc,skew,17,
mfcc,skew,18,
mfcc,skew,19,
mfcc,skew,20,
mfcc,std,01,
mfcc,std,02,
mfcc,std,03,
mfcc,std,04,
mfcc,std,05,
mfcc,std,06,
mfcc,std,07,
mfcc,std,08,
mfcc,std,09,
mfcc,std,10,
mfcc,std,11,
mfcc,std,12,
mfcc,std,13,
mfcc,std,14,
mfcc,std,15,
mfcc,std,16,
mfcc,std,17,
mfcc,std,18,
mfcc,std,19,
mfcc,std,20,
mfcc,kurtosis,01,
mfcc,kurtosis,02,
mfcc,kurtosis,03,
mfcc,kurtosis,04,
mfcc,kurtosis,05,
mfcc,kurtosis,06,
mfcc,kurtosis,07,
mfcc,kurtosis,08,
mfcc,kurtosis,09,
mfcc,kurtosis,10,
mfcc,kurtosis,11,
mfcc,kurtosis,12,
mfcc,kurtosis,13,
mfcc,kurtosis,14,
mfcc,kurtosis,15,
mfcc,kurtosis,16,
mfcc,kurtosis,17,
mfcc,kurtosis,18,
mfcc,kurtosis,19,
mfcc,kurtosis,20,
mfcc,max,01,
mfcc,max,02,
mfcc,max,03,
mfcc,max,04,
mfcc,max,05,
mfcc,max,06,
mfcc,max,07,
mfcc,max,08,
mfcc,max,09,
mfcc,max,10,
mfcc,max,11,
mfcc,max,12,
mfcc,max,13,
mfcc,max,14,
mfcc,max,15,
mfcc,max,16,
mfcc,max,17,
mfcc,max,18,
mfcc,max,19,
mfcc,max,20,
mfcc,mean,01,
mfcc,mean,02,
mfcc,mean,03,
mfcc,mean,04,
mfcc,mean,05,
mfcc,mean,06,
mfcc,mean,07,
mfcc,mean,08,
mfcc,mean,09,
mfcc,mean,10,
mfcc,mean,11,
mfcc,mean,12,
mfcc,mean,13,
mfcc,mean,14,
mfcc,mean,15,
mfcc,mean,16,
mfcc,mean,17,
mfcc,mean,18,
mfcc,mean,19,
mfcc,mean,20,
mfcc,median,01,
mfcc,median,02,
mfcc,median,03,
mfcc,median,04,
mfcc,median,05,
mfcc,median,06,
mfcc,median,07,
mfcc,median,08,
mfcc,median,09,
mfcc,median,10,
mfcc,median,11,
mfcc,median,12,
mfcc,median,13,
mfcc,median,14,
mfcc,median,15,
mfcc,median,16,
mfcc,median,17,
mfcc,median,18,
mfcc,median,19,
mfcc,median,20,
mfcc,min,01,
mfcc,min,02,
mfcc,min,03,
mfcc,min,04,
mfcc,min,05,
mfcc,min,06,
mfcc,min,07,
mfcc,min,08,
mfcc,min,09,
mfcc,min,10,
mfcc,min,11,
mfcc,min,12,
mfcc,min,13,
mfcc,min,14,
mfcc,min,15,
mfcc,min,16,
mfcc,min,17,
mfcc,min,18,
mfcc,min,19,
mfcc,min,20,
mfcc,skew,01,
mfcc,skew,02,
mfcc,skew,03,
mfcc,skew,04,
mfcc,skew,05,
mfcc,skew,06,
mfcc,skew,07,
mfcc,skew,08,
mfcc,skew,09,
mfcc,skew,10,
mfcc,skew,11,
mfcc,skew,12,
mfcc,skew,13,
mfcc,skew,14,
mfcc,skew,15,
mfcc,skew,16,
mfcc,skew,17,
mfcc,skew,18,
mfcc,skew,19,
mfcc,skew,20,
mfcc,std,01,
mfcc,std,02,
mfcc,std,03,
mfcc,std,04,
mfcc,std,05,
mfcc,std,06,
mfcc,std,07,
mfcc,std,08,
mfcc,std,09,
mfcc,std,10,
mfcc,std,11,
mfcc,std,12,
mfcc,std,13,
mfcc,std,14,
mfcc,std,15,
mfcc,std,16,
mfcc,std,17,
mfcc,std,18,
mfcc,std,19,
mfcc,std,20,
mfcc,kurtosis,01,1.08380e+00
mfcc,kurtosis,02,5.71992e-01
mfcc,kurtosis,03,-9.10733e-02
mfcc,kurtosis,04,2.38768e-01
mfcc,kurtosis,05,-2.19518e-01
mfcc,kurtosis,06,-2.68186e-01
mfcc,kurtosis,07,5.57896e-03
mfcc,kurtosis,08,8.73858e-02
mfcc,kurtosis,09,2.40089e-01
mfcc,kurtosis,10,-3.09292e-01
mfcc,kurtosis,11,6.88302e-02
mfcc,kurtosis,12,-4.09505e-02
mfcc,kurtosis,13,1.17897e-01
mfcc,kurtosis,14,-1.47526e-01
mfcc,kurtosis,15,-1.75942e-01
mfcc,kurtosis,16,-6.74850e-02
mfcc,kurtosis,17,-2.95775e-01
mfcc,kurtosis,18,-4.20345e-03
mfcc,kurtosis,19,-1.98011e-01
mfcc,kurtosis,20,7.55705e-02
mfcc,max,01,2.52319e+01
mfcc,max,02,1.96867e+02
mfcc,max,03,4.28714e+01
mfcc,max,04,9.83246e+01
mfcc,max,05,3.63043e+01
mfcc,max,06,7.77682e+01
mfcc,max,07,2.58682e+01
mfcc,max,08,5.75081e+01
mfcc,max,09,2.78501e+01
mfcc,max,10,3.90220e+01
mfcc,max,11,2.59260e+01
mfcc,max,12,2.94675e+01
mfcc,max,13,3.22736e+01
mfcc,max,14,3.05596e+01
mfcc,max,15,3.07809e+01
mfcc,max,16,2.82151e+01
mfcc,max,17,3.18669e+01
mfcc,max,18,1.91711e+01
mfcc,max,19,2.32453e+01
mfcc,max,20,2.12471e+01
mfcc,mean,01,-1.22712e+02
mfcc,mean,02,1.17759e+02
mfcc,mean,03,-4.23345e+01
mfcc,mean,04,3.80602e+01
mfcc,mean,05,-2.30116e+01
mfcc,mean,06,2.39204e+01
mfcc,mean,07,-1.19447e+01
mfcc,mean,08,1.36874e+01
mfcc,mean,09,-7.29448e+00
mfcc,mean,10,4.04121e+00
mfcc,mean,11,-4.85696e+00
mfcc,mean,12,-1.66066e+00
mfcc,mean,13,-6.30594e+00
mfcc,mean,14,-2.19498e+00
mfcc,mean,15,1.73175e+00
mfcc,mean,16,-4.33209e-01
mfcc,mean,17,6.39661e+00
mfcc,mean,18,-3.30358e+00
mfcc,mean,19,1.28311e+00
mfcc,mean,20,-5.92792e+00
mfcc,median,01,-1.19267e+02
mfcc,median,02,1.23621e+02
mfcc,median,03,-4.23541e+01
mfcc,median,04,3.71496e+01
mfcc,median,05,-2.18448e+01
mfcc,median,06,2.43657e+01
mfcc,median,07,-1.20055e+01
mfcc,median,08,1.38840e+01
mfcc,median,09,-7.24789e+00
mfcc,median,10,3.99827e+00
mfcc,median,11,-4.20217e+00
mfcc,median,12,-1.83832e+00
mfcc,median,13,-6.27313e+00
mfcc,median,14,-2.17330e+00
mfcc,median,15,1.51717e+00
mfcc,median,16,-3.86457e-01
mfcc,median,17,6.59751e+00
mfcc,median,18,-3.03194e+00
mfcc,median,19,1.20738e+00
mfcc,median,20,-5.61505e+00
mfcc,min,01,-5.05499e+02
mfcc,min,02,0.00000e+00
mfcc,min,03,-9.61559e+01
mfcc,min,04,-1.16165e+01
mfcc,min,05,-9.74461e+01
mfcc,min,06,-3.54294e+01
mfcc,min,07,-5.44042e+01
mfcc,min,08,-3.14894e+01
mfcc,min,09,-4.06244e+01
mfcc,min,10,-3.34759e+01
mfcc,min,11,-4.32592e+01
mfcc,min,12,-2.60782e+01
mfcc,min,13,-3.50611e+01
mfcc,min,14,-3.18369e+01
mfcc,min,15,-2.44294e+01
mfcc,min,16,-2.86640e+01
mfcc,min,17,-1.95885e+01
mfcc,min,18,-3.12773e+01
mfcc,min,19,-2.39235e+01
mfcc,min,20,-3.40899e+01
mfcc,skew,01,-3.54963e-01
mfcc,skew,02,-8.38483e-01
mfcc,skew,03,1.24821e-01
mfcc,skew,04,3.46743e-01
mfcc,skew,05,-2.76912e-01
mfcc,skew,06,-1.24974e-01
mfcc,skew,07,-1.91369e-01
mfcc,skew,08,-2.81399e-02
mfcc,skew,09,6.37106e-02
mfcc,skew,10,-4.16675e-02
mfcc,skew,11,-2.72005e-01
mfcc,skew,12,9.17435e-02
mfcc,skew,13,1.04221e-01
mfcc,skew,14,1.65565e-01
mfcc,skew,15,1.21552e-01
mfcc,skew,16,-6.88297e-02
mfcc,skew,17,-2.54670e-02
mfcc,skew,18,-1.58753e-01
mfcc,skew,19,3.49308e-02
mfcc,skew,20,-1.90448e-01
mfcc,std,01,5.35727e+01
mfcc,std,02,3.16992e+01
mfcc,std,03,1.97505e+01
mfcc,std,04,1.70344e+01
mfcc,std,05,2.03474e+01
mfcc,std,06,1.90815e+01
mfcc,std,07,1.32822e+01
mfcc,std,08,1.31801e+01
mfcc,std,09,9.49324e+00
mfcc,std,10,1.08112e+01
mfcc,std,11,1.05784e+01
mfcc,std,12,8.72830e+00
mfcc,std,13,9.14769e+00
mfcc,std,14,9.82954e+00
mfcc,std,15,8.60917e+00
mfcc,std,16,8.78518e+00
mfcc,std,17,7.79756e+00
mfcc,std,18,7.04909e+00
mfcc,std,19,6.92968e+00
mfcc,std,20,7.50772e+00
mfcc,kurtosis,01,-3.38574e-01
mfcc,kurtosis,02,5.46776e-01
mfcc,kurtosis,03,9.67235e-02
mfcc,kurtosis,04,-3.71581e-01
mfcc,kurtosis,05,1.59449e-01
mfcc,kurtosis,06,-2.43321e-01
mfcc,kurtosis,07,-3.27720e-01
mfcc,kurtosis,08,-6.07389e-02
mfcc,kurtosis,09,4.21693e-01
mfcc,kurtosis,10,-5.92105e-01
mfcc,kurtosis,11,1.55009e-01
mfcc,kurtosis,12,2.42513e-02
mfcc,kurtosis,13,1.93820e-01
mfcc,kurtosis,14,7.69192e-02
mfcc,kurtosis,15,7.70192e-01
mfcc,kurtosis,16,-9.14704e-02
mfcc,kurtosis,17,-4.00510e-02
mfcc,kurtosis,18,1.03902e-01
mfcc,kurtosis,19,2.01528e-01
mfcc,kurtosis,20,-1.66492e-01
mfcc,max,01,2.86988e+01
mfcc,max,02,1.96282e+02
mfcc,max,03,2.96843e+01
mfcc,max,04,1.20922e+02
mfcc,max,05,3.94372e+01
mfcc,max,06,1.06173e+02
mfcc,max,07,3.68393e+01
mfcc,max,08,4.55227e+01
mfcc,max,09,2.66555e+01
mfcc,max,10,3.82864e+01
mfcc,max,11,1.89956e+01
mfcc,max,12,4.28226e+01
mfcc,max,13,2.10771e+01
mfcc,max,14,1.78654e+01
mfcc,max,15,3.71848e+01
mfcc,max,16,2.25223e+01
mfcc,max,17,2.98827e+01
mfcc,max,18,2.71065e+01
mfcc,max,19,2.39742e+01
mfcc,max,20,2.82993e+01
mfcc,mean,01,-1.51685e+02
mfcc,mean,02,1.25366e+02
mfcc,mean,03,-3.71170e+01
mfcc,mean,04,4.79008e+01
mfcc,mean,05,-7.66634e+00
mfcc,mean,06,2.75893e+01
mfcc,mean,07,-6.35317e+00
mfcc,mean,08,1.01633e+01
mfcc,mean,09,-3.98236e+00
mfcc,mean,10,2.88660e+00
mfcc,mean,11,-5.49671e+00
mfcc,mean,12,4.96108e+00
mfcc,mean,13,-3.54180e+00
mfcc,mean,14,-3.23899e+00
mfcc,mean,15,2.80683e-01
mfcc,mean,16,-2.58197e+00
mfcc,mean,17,-1.75579e-01
mfcc,mean,18,-2.56944e+00
mfcc,mean,19,4.58660e-01
mfcc,mean,20,-1.55762e+00
mfcc,median,01,-1.47085e+02
mfcc,median,02,1.33353e+02
mfcc,median,03,-3.83489e+01
mfcc,median,04,4.53618e+01
mfcc,median,05,-6.85868e+00
mfcc,median,06,2.84757e+01
mfcc,median,07,-6.53184e+00
mfcc,median,08,1.02053e+01
mfcc,median,09,-4.35685e+00
mfcc,median,10,3.28571e+00
mfcc,median,11,-5.29867e+00
mfcc,median,12,3.56317e+00
mfcc,median,13,-3.81480e+00
mfcc,median,14,-2.76843e+00
mfcc,median,15,-1.50787e+00
mfcc,median,16,-2.33790e+00
mfcc,median,17,-1.81470e-01
mfcc,median,18,-2.96949e+00
mfcc,median,19,8.89256e-01
mfcc,median,20,-1.59042e+00
mfcc,min,01,-5.43715e+02
mfcc,min,02,7.09688e+00
mfcc,min,03,-7.77196e+01
mfcc,min,04,-3.88599e+00
mfcc,min,05,-6.30731e+01
mfcc,min,06,-2.73136e+01
mfcc,min,07,-4.20664e+01
mfcc,min,08,-2.02559e+01
mfcc,min,09,-3.40199e+01
mfcc,min,10,-2.61801e+01
mfcc,min,11,-3.88316e+01
mfcc,min,12,-2.16637e+01
mfcc,min,13,-3.21977e+01
mfcc,min,14,-3.03514e+01
mfcc,min,15,-2.45691e+01
mfcc,min,16,-2.48907e+01
mfcc,min,17,-2.54183e+01
mfcc,min,18,-2.46167e+01
mfcc,min,19,-2.74228e+01
mfcc,min,20,-2.65419e+01
mfcc,skew,01,3.67932e-02
mfcc,skew,02,-9.56253e-01
mfcc,skew,03,4.08298e-01
mfcc,skew,04,3.25597e-01
mfcc,skew,05,-2.69109e-01
mfcc,skew,06,2.72759e-01
mfcc,skew,07,1.64880e-02
mfcc,skew,08,5.50289e-02
mfcc,skew,09,3.87145e-01
mfcc,skew,10,-1.48667e-02
mfcc,skew,11,-2.42074e-01
mfcc,skew,12,5.38285e-01
mfcc,skew,13,-2.03806e-02
mfcc,skew,14,-2.88778e-01
mfcc,skew,15,8.31050e-01
mfcc,skew,16,-1.18027e-01
mfcc,skew,17,-5.79002e-02
mfcc,skew,18,2.34432e-01
mfcc,skew,19,-1.07590e-01
mfcc,skew,20,3.36059e-02
mfcc,std,01,7.39983e+01
mfcc,std,02,2.98659e+01
mfcc,std,03,1.75916e+01
mfcc,std,04,1.94324e+01
mfcc,std,05,1.59220e+01
mfcc,std,06,2.14255e+01
mfcc,std,07,1.20048e+01
mfcc,std,08,1.09287e+01
mfcc,std,09,8.69533e+00
mfcc,std,10,1.11341e+01
mfcc,std,11,8.66984e+00
mfcc,std,12,1.07068e+01
mfcc,std,13,7.33809e+00
mfcc,std,14,7.79036e+00
mfcc,std,15,9.89291e+00
mfcc,std,16,6.94132e+00
mfcc,std,17,8.49685e+00
mfcc,std,18,7.37842e+00
mfcc,std,19,7.73831e+00
mfcc,std,20,8.52741e+00
mfcc,kurtosis,01,1.21859e+00
mfcc,kurtosis,02,2.79370e-01
mfcc,kurtosis,03,1.07697e-02
mfcc,kurtosis,04,-5.77132e-01
mfcc,kurtosis,05,-6.57501e-01
mfcc,kurtosis,06,-5.97949e-01
mfcc,kurtosis,07,-3.76001e-01
mfcc,kurtosis,08,2.41520e-01
mfcc,kurtosis,09,-6.75874e-03
mfcc,kurtosis,10,-3.68032e-01
mfcc,kurtosis,11,2.85553e-01
mfcc,kurtosis,12,-1.01570e-01
mfcc,kurtosis,13,2.15201e-01
mfcc,kurtosis,14,5.67339e-01
mfcc,kurtosis,15,3.57161e-01
mfcc,kurtosis,16,-7.44380e-02
mfcc,kurtosis,17,-1.51751e-01
mfcc,kurtosis,18,4.95383e-01
mfcc,kurtosis,19,1.06772e+00
mfcc,kurtosis,20,2.40219e-01
mfcc,max,01,-4.19340e+01
mfcc,max,02,2.09443e+02
mfcc,max,03,3.26876e+01
mfcc,max,04,1.09251e+02
mfcc,max,05,3.80157e+01
mfcc,max,06,6.33976e+01
mfcc,max,07,2.38590e+01
mfcc,max,08,5.82653e+01
mfcc,max,09,3.43366e+01
mfcc,max,10,4.37463e+01
mfcc,max,11,2.69614e+01
mfcc,max,12,2.94331e+01
mfcc,max,13,3.72447e+01
mfcc,max,14,3.20644e+01
mfcc,max,15,4.58407e+01
mfcc,max,16,2.84949e+01
mfcc,max,17,3.22072e+01
mfcc,max,18,3.03189e+01
mfcc,max,19,3.41781e+01
mfcc,max,20,2.22366e+01
mfcc,mean,01,-1.62233e+02
mfcc,mean,02,1.31442e+02
mfcc,mean,03,-1.84279e+01
mfcc,mean,04,5.16343e+01
mfcc,mean,05,-1.54477e+01
mfcc,mean,06,2.38636e+01
mfcc,mean,07,-7.87018e+00
mfcc,mean,08,1.06880e+01
mfcc,mean,09,-3.14179e-01
mfcc,mean,10,1.28652e+01
mfcc,mean,11,-9.88341e+00
mfcc,mean,12,6.61540e-02
mfcc,mean,13,7.67911e-01
mfcc,mean,14,2.76932e+00
mfcc,mean,15,9.10817e+00
mfcc,mean,16,1.64118e+00
mfcc,mean,17,8.16359e+00
mfcc,mean,18,-1.50786e+00
mfcc,mean,19,1.99240e+00
mfcc,mean,20,-4.97234e+00
mfcc,median,01,-1.58517e+02
mfcc,median,02,1.34231e+02
mfcc,median,03,-1.61778e+01
mfcc,median,04,5.18313e+01
mfcc,median,05,-1.60074e+01
mfcc,median,06,2.53630e+01
mfcc,median,07,-7.57849e+00
mfcc,median,08,1.11590e+01
mfcc,median,09,-5.06924e-02
mfcc,median,10,1.30146e+01
mfcc,median,11,-9.68075e+00
mfcc,median,12,3.82317e-01
mfcc,median,13,7.97173e-01
mfcc,median,14,3.01334e+00
mfcc,median,15,8.95286e+00
mfcc,median,16,1.26980e+00
mfcc,median,17,8.12029e+00
mfcc,median,18,-1.89963e+00
mfcc,median,19,1.75032e+00
mfcc,median,20,-5.05880e+00
mfcc,min,01,-5.27566e+02
mfcc,min,02,7.97668e-01
mfcc,min,03,-7.53733e+01
mfcc,min,04,-7.71834e+00
mfcc,min,05,-7.30676e+01
mfcc,min,06,-1.88919e+01
mfcc,min,07,-4.68242e+01
mfcc,min,08,-2.67567e+01
mfcc,min,09,-3.19332e+01
mfcc,min,10,-1.84424e+01
mfcc,min,11,-4.29118e+01
mfcc,min,12,-3.32237e+01
mfcc,min,13,-3.21677e+01
mfcc,min,14,-3.19320e+01
mfcc,min,15,-1.61244e+01
mfcc,min,16,-2.95335e+01
mfcc,min,17,-1.50900e+01
mfcc,min,18,-2.73604e+01
mfcc,min,19,-3.72409e+01
mfcc,min,20,-3.02502e+01
mfcc,skew,01,-4.81451e-01
mfcc,skew,02,-4.41840e-01
mfcc,skew,03,-4.95083e-01
mfcc,skew,04,-4.76284e-02
mfcc,skew,05,1.08993e-01
mfcc,skew,06,-1.65757e-01
mfcc,skew,07,-2.25401e-01
mfcc,skew,08,2.12546e-02
mfcc,skew,09,-8.58777e-02
mfcc,skew,10,-1.02663e-01
mfcc,skew,11,-3.18811e-02
mfcc,skew,12,-2.52651e-01
mfcc,skew,13,1.15489e-01
mfcc,skew,14,-6.95090e-02
mfcc,skew,15,2.37435e-01
mfcc,skew,16,1.33480e-01
mfcc,skew,17,7.72053e-02
mfcc,skew,18,4.54991e-01
mfcc,skew,19,2.50842e-01
mfcc,skew,20,1.12912e-01
mfcc,std,01,4.79690e+01
mfcc,std,02,2.89685e+01
mfcc,std,03,1.76879e+01
mfcc,std,04,1.88770e+01
mfcc,std,05,2.03641e+01
mfcc,std,06,1.49822e+01
mfcc,std,07,1.28217e+01
mfcc,std,08,1.18055e+01
mfcc,std,09,9.86251e+00
mfcc,std,10,1.01226e+01
mfcc,std,11,9.21231e+00
mfcc,std,12,9.46063e+00
mfcc,std,13,9.65728e+00
mfcc,std,14,8.13056e+00
mfcc,std,15,8.26712e+00
mfcc,std,16,8.32600e+00
mfcc,std,17,7.24702e+00
mfcc,std,18,7.53571e+00
mfcc,std,19,7.95305e+00
mfcc,std,20,7.25258e+00
mfcc,kurtosis,01,-3.99687e-01
mfcc,kurtosis,02,-8.25613e-01
mfcc,kurtosis,03,-7.66399e-01
mfcc,kurtosis,04,3.62261e-01
mfcc,kurtosis,05,9.26402e-01
mfcc,kurtosis,06,-4.13266e-01
mfcc,kurtosis,07,-8.59338e-02
mfcc,kurtosis,08,-1.21636e-01
mfcc,kurtosis,09,-2.00807e-01
mfcc,kurtosis,10,8.51621e-02
mfcc,kurtosis,11,3.16787e-01
mfcc,kurtosis,12,-1.44706e-01
mfcc,kurtosis,13,-5.63943e-02
mfcc,kurtosis,14,-3.89943e-01
mfcc,kurtosis,15,1.03228e-01
mfcc,kurtosis,16,-2.91955e-01
mfcc,kurtosis,17,-1.07728e-01
mfcc,kurtosis,18,-2.46485e-01
mfcc,kurtosis,19,1.22433e-01
mfcc,kurtosis,20,-6.77144e-02
mfcc,max,01,2.18584e+01
mfcc,max,02,2.29162e+02
mfcc,max,03,-7.63283e+00
mfcc,max,04,6.51965e+01
mfcc,max,05,4.40402e+01
mfcc,max,06,4.80426e+01
mfcc,max,07,2.13593e+01
mfcc,max,08,3.79306e+01
mfcc,max,09,1.60515e+01
mfcc,max,10,2.92915e+01
mfcc,max,11,2.40572e+01
mfcc,max,12,2.38460e+01
mfcc,max,13,1.54165e+01
mfcc,max,14,1.90319e+01
mfcc,max,15,2.11506e+01
mfcc,max,16,2.53861e+01
mfcc,max,17,2.08933e+01
mfcc,max,18,1.98413e+01
mfcc,max,19,2.15960e+01
mfcc,max,20,2.13573e+01
mfcc,mean,01,-7.54133e+01
mfcc,mean,02,1.54582e+02
mfcc,mean,03,-6.38513e+01
mfcc,mean,04,2.25021e+01
mfcc,mean,05,2.42320e+00
mfcc,mean,06,1.04685e+01
mfcc,mean,07,-1.30024e+01
mfcc,mean,08,9.82456e+00
mfcc,mean,09,-7.62861e+00
mfcc,mean,10,3.13951e+00
mfcc,mean,11,-5.85885e+00
mfcc,mean,12,5.55999e-01
mfcc,mean,13,-8.27198e+00
mfcc,mean,14,1.14219e+00
mfcc,mean,15,-4.12335e+00
mfcc,mean,16,-3.33022e-01
mfcc,mean,17,-1.80838e+00
mfcc,mean,18,-1.03197e+00
mfcc,mean,19,-4.86312e+00
mfcc,mean,20,7.82044e-01
mfcc,median,01,-7.63775e+01
mfcc,median,02,1.56511e+02
mfcc,median,03,-6.45679e+01
mfcc,median,04,2.25596e+01
mfcc,median,05,2.01663e+00
mfcc,median,06,9.96330e+00
mfcc,median,07,-1.33027e+01
mfcc,median,08,1.00196e+01
mfcc,median,09,-7.53573e+00
mfcc,median,10,2.95875e+00
mfcc,median,11,-6.00681e+00
mfcc,median,12,5.48097e-01
mfcc,median,13,-8.15941e+00
mfcc,median,14,1.19485e+00
mfcc,median,15,-3.68340e+00
mfcc,median,16,-5.42122e-01
mfcc,median,17,-1.76949e+00
mfcc,median,18,-1.04352e+00
mfcc,median,19,-4.92753e+00
mfcc,median,20,9.93907e-01
mfcc,min,01,-1.96287e+02
mfcc,min,02,7.06499e+01
mfcc,min,03,-1.29560e+02
mfcc,min,04,-8.61973e+00
mfcc,min,05,-4.35085e+01
mfcc,min,06,-2.87520e+01
mfcc,min,07,-4.09571e+01
mfcc,min,08,-2.54142e+01
mfcc,min,09,-3.62878e+01
mfcc,min,10,-2.73300e+01
mfcc,min,11,-2.69023e+01
mfcc,min,12,-2.34074e+01
mfcc,min,13,-2.79046e+01
mfcc,min,14,-1.94212e+01
mfcc,min,15,-2.74497e+01
mfcc,min,16,-2.17816e+01
mfcc,min,17,-2.51320e+01
mfcc,min,18,-2.05317e+01
mfcc,min,19,-2.70616e+01
mfcc,min,20,-1.79956e+01
mfcc,skew,01,-9.27738e-02
mfcc,skew,02,-1.05391e-01
mfcc,skew,03,5.26341e-02
mfcc,skew,04,1.28312e-01
mfcc,skew,05,1.02137e-01
mfcc,skew,06,9.44608e-02
mfcc,skew,07,1.46411e-01
mfcc,skew,08,-1.09631e-01
mfcc,skew,09,-9.16352e-02
mfcc,skew,10,-1.40851e-01
mfcc,skew,11,2.07395e-01
mfcc,skew,12,-3.77263e-02
mfcc,skew,13,5.41698e-02
mfcc,skew,14,-1.27351e-01
mfcc,skew,15,-2.60774e-01
mfcc,skew,16,1.50015e-01
mfcc,skew,17,-3.13946e-02
mfcc,skew,18,2.26114e-03
mfcc,skew,19,4.88670e-02
mfcc,skew,20,-1.10851e-01
mfcc,std,01,3.98647e+01
mfcc,std,02,3.30973e+01
mfcc,std,03,2.11488e+01
mfcc,std,04,1.02531e+01
mfcc,std,05,1.07386e+01
mfcc,std,06,1.29639e+01
mfcc,std,07,1.01633e+01
mfcc,std,08,9.78835e+00
mfcc,std,09,8.43099e+00
mfcc,std,10,8.92227e+00
mfcc,std,11,7.19277e+00
mfcc,std,12,7.45076e+00
mfcc,std,13,6.41470e+00
mfcc,std,14,6.85523e+00
mfcc,std,15,7.02842e+00
mfcc,std,16,7.12309e+00
mfcc,std,17,6.72147e+00
mfcc,std,18,6.73387e+00
mfcc,std,19,6.75820e+00
mfcc,std,20,6.18305e+00
mfcc,kurtosis,01,3.23124e+00
mfcc,kurtosis,02,3.50351e-01
mfcc,kurtosis,03,-6.11128e-02
mfcc,kurtosis,04,-6.26456e-02
mfcc,kurtosis,05,-1.74505e-01
mfcc,kurtosis,06,6.26797e-02
mfcc,kurtosis,07,-1.88048e-01
mfcc,kurtosis,08,2.24815e-02
mfcc,kurtosis,09,9.16023e-02
mfcc,kurtosis,10,-1.48490e-01
mfcc,kurtosis,11,1.73369e-01
mfcc,kurtosis,12,2.88436e-01
mfcc,kurtosis,13,2.87339e-01
mfcc,kurtosis,14,4.93912e-02
mfcc,kurtosis,15,4.08012e-01
mfcc,kurtosis,16,3.36280e-01
mfcc,kurtosis,17,3.20444e-01
mfcc,kurtosis,18,-1.62800e-01
mfcc,kurtosis,19,1.28948e-01
mfcc,kurtosis,20,1.10220e-01
mfcc,max,01,-4.38562e+01
mfcc,max,02,2.05190e+02
mfcc,max,03,5.46408e+01
mfcc,max,04,1.08058e+02
mfcc,max,05,6.46746e+01
mfcc,max,06,8.76095e+01
mfcc,max,07,2.93540e+01
mfcc,max,08,5.57573e+01
mfcc,max,09,4.52576e+01
mfcc,max,10,4.88803e+01
mfcc,max,11,3.32845e+01
mfcc,max,12,4.54107e+01
mfcc,max,13,3.19770e+01
mfcc,max,14,2.81410e+01
mfcc,max,15,3.62996e+01
mfcc,max,16,3.13384e+01
mfcc,max,17,2.85568e+01
mfcc,max,18,2.15044e+01
mfcc,max,19,2.58374e+01
mfcc,max,20,2.25881e+01
mfcc,mean,01,-1.40217e+02
mfcc,mean,02,1.30670e+02
mfcc,mean,03,-3.11784e+01
mfcc,mean,04,4.67958e+01
mfcc,mean,05,-8.26734e-01
mfcc,mean,06,2.47873e+01
mfcc,mean,07,-1.00723e+01
mfcc,mean,08,1.49442e+01
mfcc,mean,09,6.15338e+00
mfcc,mean,10,1.43980e+01
mfcc,mean,11,1.10146e-01
mfcc,mean,12,9.12168e+00
mfcc,mean,13,4.89597e+00
mfcc,mean,14,3.50076e+00
mfcc,mean,15,7.13586e+00
mfcc,mean,16,-7.39790e-02
mfcc,mean,17,1.58417e+00
mfcc,mean,18,-4.49318e+00
mfcc,mean,19,8.21199e-01
mfcc,mean,20,-4.24404e+00
mfcc,median,01,-1.35189e+02
mfcc,median,02,1.37565e+02
mfcc,median,03,-3.22172e+01
mfcc,median,04,4.81018e+01
mfcc,median,05,-1.39482e+00
mfcc,median,06,2.36015e+01
mfcc,median,07,-9.78695e+00
mfcc,median,08,1.49361e+01
mfcc,median,09,5.98561e+00
mfcc,median,10,1.37122e+01
mfcc,median,11,3.73709e-01
mfcc,median,12,9.25255e+00
mfcc,median,13,5.00072e+00
mfcc,median,14,3.43082e+00
mfcc,median,15,6.84075e+00
mfcc,median,16,-1.09772e-01
mfcc,median,17,1.22659e+00
mfcc,median,18,-4.33371e+00
mfcc,median,19,3.07199e-01
mfcc,median,20,-4.62123e+00
mfcc,min,01,-4.95664e+02
mfcc,min,02,5.86141e-02
mfcc,min,03,-1.05769e+02
mfcc,min,04,-3.83997e+01
mfcc,min,05,-5.61414e+01
mfcc,min,06,-2.24160e+01
mfcc,min,07,-5.39115e+01
mfcc,min,08,-3.79498e+01
mfcc,min,09,-3.37221e+01
mfcc,min,10,-2.01518e+01
mfcc,min,11,-4.38856e+01
mfcc,min,12,-2.54245e+01
mfcc,min,13,-2.64756e+01
mfcc,min,14,-2.32535e+01
mfcc,min,15,-1.68935e+01
mfcc,min,16,-2.55565e+01
mfcc,min,17,-1.65465e+01
mfcc,min,18,-2.74850e+01
mfcc,min,19,-2.21486e+01
mfcc,min,20,-2.38048e+01
mfcc,skew,01,-1.06558e+00
mfcc,skew,02,-8.74865e-01
mfcc,skew,03,1.30727e-01
mfcc,skew,04,-2.38153e-01
mfcc,skew,05,1.39651e-01
mfcc,skew,06,4.16671e-01
mfcc,skew,07,7.88125e-03
mfcc,skew,08,-1.88482e-01
mfcc,skew,09,5.39065e-03
mfcc,skew,10,1.48294e-01
mfcc,skew,11,-3.34197e-01
mfcc,skew,12,3.51768e-02
mfcc,skew,13,-4.74736e-02
mfcc,skew,14,-4.18862e-02
mfcc,skew,15,3.15477e-01
mfcc,skew,16,1.70153e-01
mfcc,skew,17,3.21858e-01
mfcc,skew,18,5.21730e-02
mfcc,skew,19,2.99844e-01
mfcc,skew,20,2.23781e-01
mfcc,std,01,4.03067e+01
mfcc,std,02,3.30659e+01
mfcc,std,03,2.17188e+01
mfcc,std,04,2.17054e+01
mfcc,std,05,2.00318e+01
mfcc,std,06,1.90592e+01
mfcc,std,07,1.34820e+01
mfcc,std,08,1.36870e+01
mfcc,std,09,1.19051e+01
mfcc,std,10,1.05772e+01
mfcc,std,11,1.03006e+01
mfcc,std,12,9.19149e+00
mfcc,std,13,7.97807e+00
mfcc,std,14,7.56894e+00
mfcc,std,15,7.28318e+00
mfcc,std,16,6.82686e+00
mfcc,std,17,6.39597e+00
mfcc,std,18,7.01887e+00
mfcc,std,19,7.21827e+00
mfcc,std,20,6.89364e+00
mfcc,kurtosis,01,3.52527e+02
mfcc,kurtosis,02,1.78529e+01
mfcc,kurtosis,03,-2.63739e-01
mfcc,kurtosis,04,-1.24439e-02
mfcc,kurtosis,05,-8.35868e-02
mfcc,kurtosis,06,2.19394e-01
mfcc,kurtosis,07,2.53144e-01
mfcc,kurtosis,08,1.60230e-01
mfcc,kurtosis,09,-1.07172e-01
mfcc,kurtosis,10,1.24276e-01
mfcc,kurtosis,11,-3.58417e-02
mfcc,kurtosis,12,-1.16682e-01
mfcc,kurtosis,13,1.95243e-01
mfcc,kurtosis,14,-1.65846e-01
mfcc,kurtosis,15,-3.20670e-01
mfcc,kurtosis,16,-2.76039e-01
mfcc,kurtosis,17,-1.98697e-01
mfcc,kurtosis,18,2.59233e-02
mfcc,kurtosis,19,1.08734e-01
mfcc,kurtosis,20,-3.03451e-02
mfcc,max,01,-2.17706e+01
mfcc,max,02,1.80735e+02
mfcc,max,03,1.21538e+01
mfcc,max,04,5.51790e+01
mfcc,max,05,2.11723e+01
mfcc,max,06,4.07158e+01
mfcc,max,07,1.33065e+01
mfcc,max,08,2.44243e+01
mfcc,max,09,1.50763e+01
mfcc,max,10,2.40295e+01
mfcc,max,11,8.62556e+00
mfcc,max,12,1.55517e+01
mfcc,max,13,8.64398e+00
mfcc,max,14,2.88172e+01
mfcc,max,15,2.64556e+01
mfcc,max,16,3.20969e+01
mfcc,max,17,1.85122e+01
mfcc,max,18,2.61622e+01
mfcc,max,19,2.00072e+01
mfcc,max,20,2.07540e+01
mfcc,mean,01,-6.23342e+01
mfcc,mean,02,1.53107e+02
mfcc,mean,03,-1.38223e+01
mfcc,mean,04,2.37157e+01
mfcc,mean,05,1.13380e+00
mfcc,mean,06,1.30085e+01
mfcc,mean,07,-6.00465e+00
mfcc,mean,08,3.87318e+00
mfcc,mean,09,-3.18618e+00
mfcc,mean,10,2.56661e+00
mfcc,mean,11,-8.20572e+00
mfcc,mean,12,-2.05458e-01
mfcc,mean,13,-1.31383e+01
mfcc,mean,14,8.78021e-01
mfcc,mean,15,1.75540e+00
mfcc,mean,16,8.32045e+00
mfcc,mean,17,-5.61222e+00
mfcc,mean,18,8.40007e+00
mfcc,mean,19,1.43960e+00
mfcc,mean,20,2.62912e+00
mfcc,median,01,-6.20562e+01
mfcc,median,02,1.53548e+02
mfcc,median,03,-1.39415e+01
mfcc,median,04,2.31531e+01
mfcc,median,05,1.31679e+00
mfcc,median,06,1.27506e+01
mfcc,median,07,-6.08850e+00
mfcc,median,08,3.72253e+00
mfcc,median,09,-3.11528e+00
mfcc,median,10,2.56268e+00
mfcc,median,11,-8.19876e+00
mfcc,median,12,-8.89463e-02
mfcc,median,13,-1.33838e+01
mfcc,median,14,3.36467e-01
mfcc,median,15,1.51572e+00
mfcc,median,16,7.98376e+00
mfcc,median,17,-5.54135e+00
mfcc,median,18,8.40531e+00
mfcc,median,19,1.99991e+00
mfcc,median,20,3.25123e+00
mfcc,min,01,-4.96804e+02
mfcc,min,02,1.93950e+01
mfcc,min,03,-3.45911e+01
mfcc,min,04,-3.54125e+00
mfcc,min,05,-2.77918e+01
mfcc,min,06,-7.69249e+00
mfcc,min,07,-2.47156e+01
mfcc,min,08,-1.53869e+01
mfcc,min,09,-2.28559e+01
mfcc,min,10,-1.63838e+01
mfcc,min,11,-2.98412e+01
mfcc,min,12,-1.77472e+01
mfcc,min,13,-3.19667e+01
mfcc,min,14,-2.03156e+01
mfcc,min,15,-2.14559e+01
mfcc,min,16,-1.24172e+01
mfcc,min,17,-2.68033e+01
mfcc,min,18,-1.35766e+01
mfcc,min,19,-1.90150e+01
mfcc,min,20,-2.23880e+01
mfcc,skew,01,-1.19737e+01
mfcc,skew,02,-1.39470e+00
mfcc,skew,03,2.03530e-01
mfcc,skew,04,2.51325e-01
mfcc,skew,05,-2.08645e-01
mfcc,skew,06,3.12893e-01
mfcc,skew,07,8.16937e-02
mfcc,skew,08,2.10863e-01
mfcc,skew,09,-4.88031e-02
mfcc,skew,10,5.17914e-02
mfcc,skew,11,1.06921e-02
mfcc,skew,12,-5.95490e-02
mfcc,skew,13,2.40893e-01
mfcc,skew,14,2.84601e-01
mfcc,skew,15,1.67783e-02
mfcc,skew,16,2.32382e-01
mfcc,skew,17,1.09769e-02
mfcc,skew,18,-1.58174e-01
mfcc,skew,19,-3.20025e-01
mfcc,skew,20,-3.48772e-01
mfcc,std,01,1.41629e+01
mfcc,std,02,9.07821e+00
mfcc,std,03,7.84628e+00
mfcc,std,04,8.52482e+00
mfcc,std,05,7.21289e+00
mfcc,std,06,7.06198e+00
mfcc,std,07,5.46850e+00
mfcc,std,08,5.32214e+00
mfcc,std,09,5.66924e+00
mfcc,std,10,6.15571e+00
mfcc,std,11,5.38553e+00
mfcc,std,12,5.16356e+00
mfcc,std,13,5.68088e+00
mfcc,std,14,7.26302e+00
mfcc,std,15,7.69199e+00
mfcc,std,16,7.59216e+00
mfcc,std,17,7.01435e+00
mfcc,std,18,5.83729e+00
mfcc,std,19,6.36288e+00
mfcc,std,20,6.32609e+00
mfcc,kurtosis,01,3.19129e+00
mfcc,kurtosis,02,8.93158e-01
mfcc,kurtosis,03,1.27055e+00
mfcc,kurtosis,04,2.70055e-01
mfcc,kurtosis,05,9.81646e-01
mfcc,kurtosis,06,-3.05267e-01
mfcc,kurtosis,07,2.87312e-01
mfcc,kurtosis,08,2.50398e-01
mfcc,kurtosis,09,-1.81076e-01
mfcc,kurtosis,10,3.67724e-01
mfcc,kurtosis,11,2.78734e-01
mfcc,kurtosis,12,1.32735e-01
mfcc,kurtosis,13,-4.00731e-01
mfcc,kurtosis,14,-4.16362e-01
mfcc,kurtosis,15,-4.77460e-01
mfcc,kurtosis,16,-2.94747e-01
mfcc,kurtosis,17,-4.10388e-01
mfcc,kurtosis,18,1.61670e-01
mfcc,kurtosis,19,-9.33784e-02
mfcc,kurtosis,20,7.25485e-02
mfcc,max,01,-2.42191e+01
mfcc,max,02,2.03057e+02
mfcc,max,03,0.00000e+00
mfcc,max,04,1.07875e+02
mfcc,max,05,4.04693e+01
mfcc,max,06,6.37815e+01
mfcc,max,07,2.11354e+01
mfcc,max,08,4.89882e+01
mfcc,max,09,2.76302e+01
mfcc,max,10,2.33400e+01
mfcc,max,11,4.62330e+01
mfcc,max,12,1.97155e+01
mfcc,max,13,3.21587e+01
mfcc,max,14,2.18024e+01
mfcc,max,15,2.52847e+01
mfcc,max,16,1.88503e+01
mfcc,max,17,2.21649e+01
mfcc,max,18,2.41642e+01
mfcc,max,19,2.08918e+01
mfcc,max,20,2.75256e+01
mfcc,mean,01,-1.49837e+02
mfcc,mean,02,1.52632e+02
mfcc,mean,03,-6.77891e+01
mfcc,mean,04,4.60579e+01
mfcc,mean,05,-9.53019e+00
mfcc,mean,06,1.87236e+01
mfcc,mean,07,-1.58080e+01
mfcc,mean,08,7.32892e+00
mfcc,mean,09,-2.10480e+00
mfcc,mean,10,-6.97179e+00
mfcc,mean,11,1.45346e+01
mfcc,mean,12,-5.43389e+00
mfcc,mean,13,1.72773e+00
mfcc,mean,14,-7.64822e+00
mfcc,mean,15,1.58429e+00
mfcc,mean,16,-3.40387e+00
mfcc,mean,17,8.53687e-01
mfcc,mean,18,-7.92771e-01
mfcc,mean,19,-7.84071e-01
mfcc,mean,20,1.65365e+00
mfcc,median,01,-1.53114e+02
mfcc,median,02,1.52975e+02
mfcc,median,03,-6.64196e+01
mfcc,median,04,4.71879e+01
mfcc,median,05,-9.16363e+00
mfcc,median,06,1.86970e+01
mfcc,median,07,-1.49452e+01
mfcc,median,08,7.26607e+00
mfcc,median,09,-1.90884e+00
mfcc,median,10,-6.77902e+00
mfcc,median,11,1.44659e+01
mfcc,median,12,-5.43573e+00
mfcc,median,13,2.43328e+00
mfcc,median,14,-7.66140e+00
mfcc,median,15,2.18432e+00
mfcc,median,16,-3.38641e+00
mfcc,median,17,8.56256e-01
mfcc,median,18,-9.88426e-01
mfcc,median,19,-1.07152e+00
mfcc,median,20,1.68291e+00
mfcc,min,01,-5.55785e+02
mfcc,min,02,0.00000e+00
mfcc,min,03,-1.17422e+02
mfcc,min,04,-1.59555e+01
mfcc,min,05,-7.15460e+01
mfcc,min,06,-2.09108e+01
mfcc,min,07,-6.44402e+01
mfcc,min,08,-2.80520e+01
mfcc,min,09,-2.84396e+01
mfcc,min,10,-4.17964e+01
mfcc,min,11,-1.19179e+01
mfcc,min,12,-2.95922e+01
mfcc,min,13,-2.66872e+01
mfcc,min,14,-4.05737e+01
mfcc,min,15,-2.65830e+01
mfcc,min,16,-2.51736e+01
mfcc,min,17,-2.18407e+01
mfcc,min,18,-2.19959e+01
mfcc,min,19,-2.30288e+01
mfcc,min,20,-1.86563e+01
mfcc,skew,01,-4.66691e-01
mfcc,skew,02,-6.34919e-01
mfcc,skew,03,-3.62986e-01
mfcc,skew,04,-1.65694e-01
mfcc,skew,05,-2.38697e-01
mfcc,skew,06,6.48467e-02
mfcc,skew,07,-4.73250e-01
mfcc,skew,08,-8.22979e-03
mfcc,skew,09,-3.30050e-02
mfcc,skew,10,-2.06809e-01
mfcc,skew,11,2.47278e-01
mfcc,skew,12,9.38102e-02
mfcc,skew,13,-2.08928e-01
mfcc,skew,14,-9.46780e-03
mfcc,skew,15,-1.68610e-01
mfcc,skew,16,-8.42728e-03
mfcc,skew,17,-5.91952e-02
mfcc,skew,18,1.20204e-01
mfcc,skew,19,9.93718e-02
mfcc,skew,20,1.88793e-01
mfcc,std,01,4.77507e+01
mfcc,std,02,2.67017e+01
mfcc,std,03,1.33270e+01
mfcc,std,04,1.70639e+01
mfcc,std,05,1.34521e+01
mfcc,std,06,1.50041e+01
mfcc,std,07,1.28484e+01
mfcc,std,08,1.08092e+01
mfcc,std,09,8.82666e+00
mfcc,std,10,1.01167e+01
mfcc,std,11,8.69104e+00
mfcc,std,12,7.07115e+00
mfcc,std,13,9.60749e+00
mfcc,std,14,9.35030e+00
mfcc,std,15,9.22441e+00
mfcc,std,16,7.54250e+00
mfcc,std,17,7.68477e+00
mfcc,std,18,6.33326e+00
mfcc,std,19,6.17969e+00
mfcc,std,20,7.04584e+00
mfcc,kurtosis,01,2.72373e-01
mfcc,kurtosis,02,9.24086e-01
mfcc,kurtosis,03,9.22685e-01
mfcc,kurtosis,04,2.35873e+00
mfcc,kurtosis,05,-2.97277e-01
mfcc,kurtosis,06,2.59814e-01
mfcc,kurtosis,07,-3.74799e-01
mfcc,kurtosis,08,2.03720e-01
mfcc,kurtosis,09,2.84491e-01
mfcc,kurtosis,10,-1.83524e-04
mfcc,kurtosis,11,-1.03763e-01
mfcc,kurtosis,12,-1.29781e-01
mfcc,kurtosis,13,8.72556e-02
mfcc,kurtosis,14,7.35888e-02
mfcc,kurtosis,15,1.86553e-01
mfcc,kurtosis,16,3.35818e-01
mfcc,kurtosis,17,-5.53477e-02
mfcc,kurtosis,18,-3.26972e-02
mfcc,kurtosis,19,2.64984e-02
mfcc,kurtosis,20,-1.10932e-01
mfcc,max,01,-6.29259e+01
mfcc,max,02,1.99953e+02
mfcc,max,03,9.44630e+01
mfcc,max,04,1.56305e+02
mfcc,max,05,5.01978e+01
mfcc,max,06,9.43027e+01
mfcc,max,07,4.22265e+01
mfcc,max,08,5.38567e+01
mfcc,max,09,3.81460e+01
mfcc,max,10,2.93682e+01
mfcc,max,11,4.43150e+01
mfcc,max,12,2.47064e+01
mfcc,max,13,3.62160e+01
mfcc,max,14,1.76555e+01
mfcc,max,15,2.93921e+01
mfcc,max,16,1.95911e+01
mfcc,max,17,2.35507e+01
mfcc,max,18,1.56361e+01
mfcc,max,19,2.46302e+01
mfcc,max,20,1.87112e+01
mfcc,mean,01,-3.22967e+02
mfcc,mean,02,1.33735e+02
mfcc,mean,03,1.55191e+01
mfcc,mean,04,5.47799e+01
mfcc,mean,05,8.72119e+00
mfcc,mean,06,3.70337e+01
mfcc,mean,07,-2.11513e+00
mfcc,mean,08,1.52740e+01
mfcc,mean,09,6.18077e+00
mfcc,mean,10,-2.59459e+00
mfcc,mean,11,8.86862e+00
mfcc,mean,12,-2.25621e+00
mfcc,mean,13,2.85927e+00
mfcc,mean,14,-6.68628e+00
mfcc,mean,15,-1.65391e+00
mfcc,mean,16,-3.19572e+00
mfcc,mean,17,5.46566e-01
mfcc,mean,18,-5.72171e+00
mfcc,mean,19,-8.30438e-01
mfcc,mean,20,-9.51447e-01
mfcc,median,01,-3.21622e+02
mfcc,median,02,1.40612e+02
mfcc,median,03,1.85219e+01
mfcc,median,04,5.19532e+01
mfcc,median,05,1.09725e+01
mfcc,median,06,3.73786e+01
mfcc,median,07,2.60452e-01
mfcc,median,08,1.43349e+01
mfcc,median,09,5.51195e+00
mfcc,median,10,-1.86439e+00
mfcc,median,11,8.44270e+00
mfcc,median,12,-2.14066e+00
mfcc,median,13,2.54984e+00
mfcc,median,14,-6.73454e+00
mfcc,median,15,-2.07631e+00
mfcc,median,16,-3.05562e+00
mfcc,median,17,6.30390e-01
mfcc,median,18,-5.80887e+00
mfcc,median,19,-8.97279e-01
mfcc,median,20,-9.77845e-01
mfcc,min,01,-5.92896e+02
mfcc,min,02,0.00000e+00
mfcc,min,03,-1.00455e+02
mfcc,min,04,0.00000e+00
mfcc,min,05,-5.02577e+01
mfcc,min,06,-9.73608e+00
mfcc,min,07,-5.83834e+01
mfcc,min,08,-1.81315e+01
mfcc,min,09,-2.67059e+01
mfcc,min,10,-3.62923e+01
mfcc,min,11,-2.67498e+01
mfcc,min,12,-3.43276e+01
mfcc,min,13,-2.08869e+01
mfcc,min,14,-3.34865e+01
mfcc,min,15,-2.67239e+01
mfcc,min,16,-3.34189e+01
mfcc,min,17,-2.53679e+01
mfcc,min,18,-2.66037e+01
mfcc,min,19,-2.75906e+01
mfcc,min,20,-1.94279e+01
mfcc,skew,01,6.62306e-02
mfcc,skew,02,-9.09182e-01
mfcc,skew,03,-5.24759e-01
mfcc,skew,04,1.14277e+00
mfcc,skew,05,-5.07885e-01
mfcc,skew,06,2.68164e-02
mfcc,skew,07,-3.83069e-01
mfcc,skew,08,4.51073e-01
mfcc,skew,09,5.99843e-02
mfcc,skew,10,-2.72684e-01
mfcc,skew,11,1.17955e-01
mfcc,skew,12,-3.02226e-02
mfcc,skew,13,3.48025e-01
mfcc,skew,14,-1.72200e-02
mfcc,skew,15,1.19941e-01
mfcc,skew,16,-1.63719e-01
mfcc,skew,17,7.43157e-02
mfcc,skew,18,-5.02076e-02
mfcc,skew,19,-2.87209e-02
mfcc,skew,20,6.26261e-02
mfcc,std,01,7.97384e+01
mfcc,std,02,3.08512e+01
mfcc,std,03,2.78873e+01
mfcc,std,04,2.00107e+01
mfcc,std,05,1.98421e+01
mfcc,std,06,1.46748e+01
mfcc,std,07,1.76740e+01
mfcc,std,08,1.04764e+01
mfcc,std,09,9.18015e+00
mfcc,std,10,1.03310e+01
mfcc,std,11,1.09850e+01
mfcc,std,12,9.47927e+00
mfcc,std,13,9.12904e+00
mfcc,std,14,7.70259e+00
mfcc,std,15,8.29368e+00
mfcc,std,16,7.75796e+00
mfcc,std,17,7.19663e+00
mfcc,std,18,6.73823e+00
mfcc,std,19,6.67312e+00
mfcc,std,20,6.00842e+00
mfcc,kurtosis,01,-1.22608e+00
mfcc,kurtosis,02,4.67015e+00
mfcc,kurtosis,03,-7.41478e-01
mfcc,kurtosis,04,-1.45090e-01
mfcc,kurtosis,05,-7.07342e-01
mfcc,kurtosis,06,-9.01455e-02
mfcc,kurtosis,07,-2.00784e-01
mfcc,kurtosis,08,3.97756e-01
mfcc,kurtosis,09,-3.19166e-01
mfcc,kurtosis,10,1.46219e+00
mfcc,kurtosis,11,1.38060e-01
mfcc,kurtosis,12,-8.71649e-02
mfcc,kurtosis,13,-2.62034e-01
mfcc,kurtosis,14,-1.84825e-01
mfcc,kurtosis,15,2.72287e-02
mfcc,kurtosis,16,3.73915e-01
mfcc,kurtosis,17,6.14674e-01
mfcc,kurtosis,18,8.41837e-02
mfcc,kurtosis,19,5.10872e-01
mfcc,kurtosis,20,1.09870e-01
mfcc,max,01,-4.19121e+01
mfcc,max,02,2.22209e+02
mfcc,max,03,8.05281e+01
mfcc,max,04,1.09579e+02
mfcc,max,05,6.84359e+01
mfcc,max,06,5.77301e+01
mfcc,max,07,2.34137e+01
mfcc,max,08,4.55793e+01
mfcc,max,09,2.68202e+01
mfcc,max,10,1.74013e+01
mfcc,max,11,4.12838e+01
mfcc,max,12,2.18280e+01
mfcc,max,13,3.10623e+01
mfcc,max,14,1.89594e+01
mfcc,max,15,2.25742e+01
mfcc,max,16,2.74006e+01
mfcc,max,17,2.71648e+01
mfcc,max,18,3.00150e+01
mfcc,max,19,3.35270e+01
mfcc,max,20,4.07667e+01
mfcc,mean,01,-2.53243e+02
mfcc,mean,02,1.57845e+02
mfcc,mean,03,-6.06302e+00
mfcc,mean,04,2.69209e+01
mfcc,mean,05,6.81540e+00
mfcc,mean,06,1.58480e+01
mfcc,mean,07,-1.29365e+01
mfcc,mean,08,1.03649e+01
mfcc,mean,09,-6.17032e-01
mfcc,mean,10,-8.30427e+00
mfcc,mean,11,8.03605e+00
mfcc,mean,12,-5.56628e+00
mfcc,mean,13,2.91756e+00
mfcc,mean,14,-6.00844e+00
mfcc,mean,15,-3.34239e+00
mfcc,mean,16,3.77204e-01
mfcc,mean,17,3.08244e-02
mfcc,mean,18,1.47839e+00
mfcc,mean,19,2.38208e+00
mfcc,mean,20,2.89982e+00
mfcc,median,01,-2.81534e+02
mfcc,median,02,1.63715e+02
mfcc,median,03,-7.02753e+00
mfcc,median,04,2.47989e+01
mfcc,median,05,8.18548e+00
mfcc,median,06,1.67869e+01
mfcc,median,07,-1.31808e+01
mfcc,median,08,9.78417e+00
mfcc,median,09,1.05787e-01
mfcc,median,10,-7.40496e+00
mfcc,median,11,7.91670e+00
mfcc,median,12,-6.63240e+00
mfcc,median,13,2.84393e+00
mfcc,median,14,-5.70775e+00
mfcc,median,15,-2.23993e+00
mfcc,median,16,4.61648e-02
mfcc,median,17,2.77926e-01
mfcc,median,18,1.30859e+00
mfcc,median,19,1.67036e+00
mfcc,median,20,1.22068e+00
mfcc,min,01,-5.36547e+02
mfcc,min,02,-1.15000e+01
mfcc,min,03,-8.98271e+01
mfcc,min,04,-2.15551e+01
mfcc,min,05,-5.36453e+01
mfcc,min,06,-2.30560e+01
mfcc,min,07,-5.47010e+01
mfcc,min,08,-2.13928e+01
mfcc,min,09,-2.90406e+01
mfcc,min,10,-5.14532e+01
mfcc,min,11,-1.94383e+01
mfcc,min,12,-2.69685e+01
mfcc,min,13,-2.23914e+01
mfcc,min,14,-3.33563e+01
mfcc,min,15,-3.42006e+01
mfcc,min,16,-2.38051e+01
mfcc,min,17,-3.40252e+01
mfcc,min,18,-2.88287e+01
mfcc,min,19,-2.37084e+01
mfcc,min,20,-2.24889e+01
mfcc,skew,01,1.35688e-01
mfcc,skew,02,-1.71894e+00
mfcc,skew,03,8.54863e-02
mfcc,skew,04,4.54689e-01
mfcc,skew,05,-2.85784e-02
mfcc,skew,06,-2.62103e-01
mfcc,skew,07,-1.04911e-01
mfcc,skew,08,2.87211e-01
mfcc,skew,09,-1.15137e-01
mfcc,skew,10,-8.01654e-01
mfcc,skew,11,1.49878e-01
mfcc,skew,12,4.60280e-01
mfcc,skew,13,1.25312e-01
mfcc,skew,14,-1.03066e-01
mfcc,skew,15,-5.19202e-01
mfcc,skew,16,2.44790e-01
mfcc,skew,17,-3.09960e-01
mfcc,skew,18,7.45471e-02
mfcc,skew,19,4.32100e-01
mfcc,skew,20,5.59018e-01
mfcc,std,01,1.00773e+02
mfcc,std,02,3.26496e+01
mfcc,std,03,3.16319e+01
mfcc,std,04,2.20693e+01
mfcc,std,05,2.31424e+01
mfcc,std,06,1.26930e+01
mfcc,std,07,1.36426e+01
mfcc,std,08,1.00689e+01
mfcc,std,09,9.14044e+00
mfcc,std,10,9.71275e+00
mfcc,std,11,9.16161e+00
mfcc,std,12,8.14543e+00
mfcc,std,13,8.74669e+00
mfcc,std,14,8.13625e+00
mfcc,std,15,8.56711e+00
mfcc,std,16,7.51821e+00
mfcc,std,17,8.70926e+00
mfcc,std,18,9.39540e+00
mfcc,std,19,8.93280e+00
mfcc,std,20,1.01316e+01
mfcc,kurtosis,01,4.23596e+00
mfcc,kurtosis,02,-3.72590e-01
mfcc,kurtosis,03,-3.14459e-01
mfcc,kurtosis,04,-6.61254e-01
mfcc,kurtosis,05,4.96504e-01
mfcc,kurtosis,06,-2.15178e-01
mfcc,kurtosis,07,-3.01167e-01
mfcc,kurtosis,08,2.75180e-02
mfcc,kurtosis,09,4.12797e-01
mfcc,kurtosis,10,5.03546e-01
mfcc,kurtosis,11,1.24095e-01
mfcc,kurtosis,12,-6.79995e-01
mfcc,kurtosis,13,-7.52584e-02
mfcc,kurtosis,14,2.55511e-01
mfcc,kurtosis,15,5.97137e-01
mfcc,kurtosis,16,-1.74259e-01
mfcc,kurtosis,17,2.24707e-02
mfcc,kurtosis,18,-2.34804e-01
mfcc,kurtosis,19,9.49028e-02
mfcc,kurtosis,20,6.32836e-01
mfcc,max,01,1.63040e+01
mfcc,max,02,2.49954e+02
mfcc,max,03,3.48663e+01
mfcc,max,04,6.77785e+01
mfcc,max,05,5.13848e+01
mfcc,max,06,7.13182e+01
mfcc,max,07,2.15933e+01
mfcc,max,08,3.45849e+01
mfcc,max,09,4.18998e+01
mfcc,max,10,4.45256e+01
mfcc,max,11,2.57527e+01
mfcc,max,12,3.73497e+01
mfcc,max,13,3.26158e+01
mfcc,max,14,3.89013e+01
mfcc,max,15,2.91945e+01
mfcc,max,16,2.71385e+01
mfcc,max,17,2.66802e+01
mfcc,max,18,2.71694e+01
mfcc,max,19,1.82288e+01
mfcc,max,20,2.53408e+01
mfcc,mean,01,-5.63323e+01
mfcc,mean,02,1.77943e+02
mfcc,mean,03,-3.99909e+01
mfcc,mean,04,2.75306e+01
mfcc,mean,05,6.26809e+00
mfcc,mean,06,2.55613e+01
mfcc,mean,07,-2.72628e-01
mfcc,mean,08,6.70249e+00
mfcc,mean,09,4.64155e+00
mfcc,mean,10,8.38556e+00
mfcc,mean,11,5.09866e-01
mfcc,mean,12,5.84521e+00
mfcc,mean,13,1.52619e+00
mfcc,mean,14,3.72984e+00
mfcc,mean,15,2.17807e+00
mfcc,mean,16,4.25729e+00
mfcc,mean,17,7.07518e+00
mfcc,mean,18,7.86229e+00
mfcc,mean,19,1.93809e+00
mfcc,mean,20,2.57480e+00
mfcc,median,01,-3.98830e+01
mfcc,median,02,1.80226e+02
mfcc,median,03,-4.04497e+01
mfcc,median,04,2.52371e+01
mfcc,median,05,8.15195e+00
mfcc,median,06,2.28177e+01
mfcc,median,07,2.83383e-01
mfcc,median,08,5.94724e+00
mfcc,median,09,3.73119e+00
mfcc,median,10,7.05738e+00
mfcc,median,11,8.55758e-01
mfcc,median,12,5.13381e+00
mfcc,median,13,1.02701e+00
mfcc,median,14,3.41168e+00
mfcc,median,15,1.64648e+00
mfcc,median,16,4.02965e+00
mfcc,median,17,7.23733e+00
mfcc,median,18,7.71475e+00
mfcc,median,19,1.78129e+00
mfcc,median,20,2.20075e+00
mfcc,min,01,-4.85108e+02
mfcc,min,02,7.99432e+00
mfcc,min,03,-7.59443e+01
mfcc,min,04,1.21504e+00
mfcc,min,05,-4.69782e+01
mfcc,min,06,-9.04408e+00
mfcc,min,07,-2.47315e+01
mfcc,min,08,-2.03262e+01
mfcc,min,09,-2.05352e+01
mfcc,min,10,-1.49900e+01
mfcc,min,11,-2.81282e+01
mfcc,min,12,-1.90537e+01
mfcc,min,13,-2.40816e+01
mfcc,min,14,-2.09579e+01
mfcc,min,15,-2.55594e+01
mfcc,min,16,-1.89224e+01
mfcc,min,17,-1.60356e+01
mfcc,min,18,-1.19741e+01
mfcc,min,19,-1.29361e+01
mfcc,min,20,-1.71113e+01
mfcc,skew,01,-1.33684e+00
mfcc,skew,02,-2.83037e-01
mfcc,skew,03,5.37490e-01
mfcc,skew,04,5.00348e-01
mfcc,skew,05,-7.46350e-01
mfcc,skew,06,6.33858e-01
mfcc,skew,07,-1.75868e-01
mfcc,skew,08,3.98296e-01
mfcc,skew,09,5.82451e-01
mfcc,skew,10,7.53960e-01
mfcc,skew,11,-1.53626e-01
mfcc,skew,12,9.91762e-02
mfcc,skew,13,2.87058e-01
mfcc,skew,14,3.78480e-01
mfcc,skew,15,3.02884e-01
mfcc,skew,16,2.03788e-01
mfcc,skew,17,-1.58196e-01
mfcc,skew,18,4.55811e-02
mfcc,skew,19,1.14378e-01
mfcc,skew,20,4.10092e-01
mfcc,std,01,4.30522e+01
mfcc,std,02,3.43535e+01
mfcc,std,03,2.13874e+01
mfcc,std,04,1.37755e+01
mfcc,std,05,1.56416e+01
mfcc,std,06,1.46043e+01
mfcc,std,07,7.73483e+00
mfcc,std,08,8.57078e+00
mfcc,std,09,9.13334e+00
mfcc,std,10,8.92810e+00
mfcc,std,11,7.94846e+00
mfcc,std,12,9.40396e+00
mfcc,std,13,8.03069e+00
mfcc,std,14,9.54076e+00
mfcc,std,15,7.15409e+00
mfcc,std,16,7.28703e+00
mfcc,std,17,6.40139e+00
mfcc,std,18,5.88951e+00
mfcc,std,19,4.63000e+00
mfcc,std,20,5.84240e+00
mfcc,kurtosis,01,6.05772e+00
mfcc,kurtosis,02,4.93068e-01
mfcc,kurtosis,03,-1.88975e-01
mfcc,kurtosis,04,4.20089e-01
mfcc,kurtosis,05,-7.82541e-02
mfcc,kurtosis,06,8.18590e-02
mfcc,kurtosis,07,4.84194e-02
mfcc,kurtosis,08,-5.92421e-02
mfcc,kurtosis,09,1.77648e-01
mfcc,kurtosis,10,-8.31731e-02
mfcc,kurtosis,11,2.13982e-01
mfcc,kurtosis,12,5.69929e-01
mfcc,kurtosis,13,4.24685e-01
mfcc,kurtosis,14,1.87251e-02
mfcc,kurtosis,15,-5.98409e-02
mfcc,kurtosis,16,4.39723e-01
mfcc,kurtosis,17,-4.57620e-02
mfcc,kurtosis,18,4.25378e-02
mfcc,kurtosis,19,6.62383e-01
mfcc,kurtosis,20,5.16890e-01
mfcc,max,01,-4.59515e+01
mfcc,max,02,2.23326e+02
mfcc,max,03,1.22824e+01
mfcc,max,04,8.35840e+01
mfcc,max,05,3.69960e+01
mfcc,max,06,2.40989e+01
mfcc,max,07,4.21159e+01
mfcc,max,08,3.49527e+01
mfcc,max,09,1.97984e+01
mfcc,max,10,3.82483e+01
mfcc,max,11,1.15329e+01
mfcc,max,12,2.57016e+01
mfcc,max,13,1.80545e+01
mfcc,max,14,1.98385e+01
mfcc,max,15,2.01972e+01
mfcc,max,16,2.58225e+01
mfcc,max,17,2.11126e+01
mfcc,max,18,2.86920e+01
mfcc,max,19,2.68447e+01
mfcc,max,20,2.01754e+01
mfcc,mean,01,-1.30173e+02
mfcc,mean,02,1.66932e+02
mfcc,mean,03,-6.77328e+01
mfcc,mean,04,4.24273e+01
mfcc,mean,05,-2.55106e+00
mfcc,mean,06,-7.43570e+00
mfcc,mean,07,8.10318e+00
mfcc,mean,08,1.19448e+01
mfcc,mean,09,-4.19150e+00
mfcc,mean,10,1.00412e+01
mfcc,mean,11,-9.80395e+00
mfcc,mean,12,3.06679e+00
mfcc,mean,13,-6.41596e+00
mfcc,mean,14,-5.13516e+00
mfcc,mean,15,-4.48172e-02
mfcc,mean,16,-2.24139e+00
mfcc,mean,17,-4.96797e+00
mfcc,mean,18,1.35871e+00
mfcc,mean,19,-2.31446e+00
mfcc,mean,20,-7.38193e+00
mfcc,median,01,-1.27448e+02
mfcc,median,02,1.67388e+02
mfcc,median,03,-6.87278e+01
mfcc,median,04,4.36474e+01
mfcc,median,05,-2.53930e+00
mfcc,median,06,-6.67289e+00
mfcc,median,07,9.07345e+00
mfcc,median,08,1.21802e+01
mfcc,median,09,-3.84470e+00
mfcc,median,10,1.05421e+01
mfcc,median,11,-9.77681e+00
mfcc,median,12,2.84245e+00
mfcc,median,13,-6.87855e+00
mfcc,median,14,-5.37094e+00
mfcc,median,15,-4.39036e-01
mfcc,median,16,-2.19256e+00
mfcc,median,17,-4.94573e+00
mfcc,median,18,1.66250e+00
mfcc,median,19,-2.06463e+00
mfcc,median,20,-7.03472e+00
mfcc,min,01,-5.43125e+02
mfcc,min,02,1.96904e+01
mfcc,min,03,-1.15761e+02
mfcc,min,04,-1.52710e+01
mfcc,min,05,-4.02155e+01
mfcc,min,06,-3.95766e+01
mfcc,min,07,-3.99028e+01
mfcc,min,08,-1.26386e+01
mfcc,min,09,-3.07999e+01
mfcc,min,10,-1.71742e+01
mfcc,min,11,-3.66341e+01
mfcc,min,12,-2.14486e+01
mfcc,min,13,-3.04679e+01
mfcc,min,14,-2.81184e+01
mfcc,min,15,-2.34770e+01
mfcc,min,16,-2.69867e+01
mfcc,min,17,-3.06785e+01
mfcc,min,18,-2.54357e+01
mfcc,min,19,-3.24595e+01
mfcc,min,20,-4.07240e+01
mfcc,skew,01,-1.50933e+00
mfcc,skew,02,-2.82452e-01
mfcc,skew,03,1.93876e-01
mfcc,skew,04,-6.03562e-01
mfcc,skew,05,1.02253e-01
mfcc,skew,06,-3.89798e-01
mfcc,skew,07,-3.69410e-01
mfcc,skew,08,-1.39959e-01
mfcc,skew,09,-2.58877e-01
mfcc,skew,10,-1.33694e-01
mfcc,skew,11,-7.94972e-02
mfcc,skew,12,1.37302e-01
mfcc,skew,13,3.15074e-01
mfcc,skew,14,2.35137e-01
mfcc,skew,15,1.48145e-01
mfcc,skew,16,-1.21088e-01
mfcc,skew,17,-1.30842e-01
mfcc,skew,18,-9.97905e-02
mfcc,skew,19,-8.68729e-02
mfcc,skew,20,-1.80090e-01
mfcc,std,01,4.46178e+01
mfcc,std,02,2.22621e+01
mfcc,std,03,1.74904e+01
mfcc,std,04,1.67002e+01
mfcc,std,05,1.18289e+01
mfcc,std,06,9.13795e+00
mfcc,std,07,1.29447e+01
mfcc,std,08,7.22191e+00
mfcc,std,09,7.32170e+00
mfcc,std,10,8.35172e+00
mfcc,std,11,6.62777e+00
mfcc,std,12,6.59458e+00
mfcc,std,13,6.97637e+00
mfcc,std,14,6.96087e+00
mfcc,std,15,6.40955e+00
mfcc,std,16,6.40769e+00
mfcc,std,17,7.18464e+00
mfcc,std,18,8.11328e+00
mfcc,std,19,8.09898e+00
mfcc,std,20,8.32487e+00
mfcc,kurtosis,01,
mfcc,kurtosis,02,
mfcc,kurtosis,03,
mfcc,kurtosis,04,
mfcc,kurtosis,05,
mfcc,kurtosis,06,
mfcc,kurtosis,07,
mfcc,kurtosis,08,
mfcc,kurtosis,09,
mfcc,kurtosis,10,
mfcc,kurtosis,11,
mfcc,kurtosis,12,
mfcc,kurtosis,13,
mfcc,kurtosis,14,
mfcc,kurtosis,15,
mfcc,kurtosis,16,
mfcc,kurtosis,17,
mfcc,kurtosis,18,
mfcc,kurtosis,19,
mfcc,kurtosis,20,
mfcc,max,01,
mfcc,max,02,
mfcc,max,03,
mfcc,max,04,
mfcc,max,05,
mfcc,max,06,
mfcc,max,07,
mfcc,max,08,
mfcc,max,09,
mfcc,max,10,
mfcc,max,11,
mfcc,max,12,
mfcc,max,13,
mfcc,max,14,
mfcc,max,15,
mfcc,max,16,
mfcc,max,17,
mfcc,max,18,
mfcc,max,19,
mfcc,max,20,
mfcc,mean,01,
mfcc,mean,02,
mfcc,mean,03,
mfcc,mean,04,
mfcc,mean,05,
mfcc,mean,06,
mfcc,mean,07,
mfcc,mean,08,
mfcc,mean,09,
mfcc,mean,10,
mfcc,mean,11,
mfcc,mean,12,
mfcc,mean,13,
mfcc,mean,14,
mfcc,mean,15,
mfcc,mean,16,
mfcc,mean,17,
mfcc,mean,18,
mfcc,mean,19,
mfcc,mean,20,
mfcc,median,01,
mfcc,median,02,
mfcc,median,03,
mfcc,median,04,
mfcc,median,05,
mfcc,median,06,
mfcc,median,07,
mfcc,median,08,
mfcc,median,09,
mfcc,median,10,
mfcc,median,11,
mfcc,median,12,
mfcc,median,13,
mfcc,median,14,
mfcc,median,15,
mfcc,median,16,
mfcc,median,17,
mfcc,median,18,
mfcc,median,19,
mfcc,median,20,
mfcc,min,01,
mfcc,min,02,
mfcc,min,03,
mfcc,min,04,
mfcc,min,05,
mfcc,min,06,
mfcc,min,07,
mfcc,min,08,
mfcc,min,09,
mfcc,min,10,
mfcc,min,11,
mfcc,min,12,
mfcc,min,13,
mfcc,min,14,
mfcc,min,15,
mfcc,min,16,
mfcc,min,17,
mfcc,min,18,
mfcc,min,19,
mfcc,min,20,
mfcc,skew,01,
mfcc,skew,02,
mfcc,skew,03,
mfcc,skew,04,
mfcc,skew,05,
mfcc,skew,06,
mfcc,skew,07,
mfcc,skew,08,
mfcc,skew,09,
mfcc,skew,10,
mfcc,skew,11,
mfcc,skew,12,
mfcc,skew,13,
mfcc,skew,14,
mfcc,skew,15,
mfcc,skew,16,
mfcc,skew,17,
mfcc,skew,18,
mfcc,skew,19,
mfcc,skew,20,
mfcc,std,01,
mfcc,std,02,
mfcc,std,03,
mfcc,std,04,
mfcc,std,05,
mfcc,std,06,
mfcc,std,07,
mfcc,std,08,
mfcc,std,09,
mfcc,std,10,
mfcc,std,11,
mfcc,std,12,
mfcc,std,13,
mfcc,std,14,
mfcc,std,15,
mfcc,std,16,
mfcc,std,17,
mfcc,std,18,
mfcc,std,19,
mfcc,std,20,
mfcc,kurtosis,01,
mfcc,kurtosis,02,
mfcc,kurtosis,03,
mfcc,kurtosis,04,
mfcc,kurtosis,05,
mfcc,kurtosis,06,
mfcc,kurtosis,07,
mfcc,kurtosis,08,
mfcc,kurtosis,09,
mfcc,kurtosis,10,
mfcc,kurtosis,11,
mfcc,kurtosis,12,
mfcc,kurtosis,13,
mfcc,kurtosis,14,
mfcc,kurtosis,15,
mfcc,kurtosis,16,
mfcc,kurtosis,17,
mfcc,kurtosis,18,
mfcc,kurtosis,19,
mfcc,kurtosis,20,
mfcc,max,01,
mfcc,max,02,
mfcc,max,03,
mfcc,max,04,
mfcc,max,05,
mfcc,max,06,
mfcc,max,07,
mfcc,max,08,
mfcc,max,09,
mfcc,max,10,
mfcc,max,11,
mfcc,max,12,
mfcc,max,13,
mfcc,max,14,
mfcc,max,15,
mfcc,max,16,
mfcc,max,17,
mfcc,max,18,
mfcc,max,19,
mfcc,max,20,
mfcc,mean,01,
mfcc,mean,02,
mfcc,mean,03,
mfcc,mean,04,
mfcc,mean,05,
mfcc,mean,06,
mfcc,mean,07,
mfcc,mean,08,
mfcc,mean,09,
mfcc,mean,10,
mfcc,mean,11,
mfcc,mean,12,
mfcc,mean,13,
mfcc,mean,14,
mfcc,mean,15,
mfcc,mean,16,
mfcc,mean,17,
mfcc,mean,18,
mfcc,mean,19,
mfcc,mean,20,
mfcc,median,01,
mfcc,median,02,
mfcc,median,03,
mfcc,median,04,
mfcc,median,05,
mfcc,median,06,
mfcc,median,07,
mfcc,median,08,
mfcc,median,09,
mfcc,median,10,
mfcc,median,11,
mfcc,median,12,
mfcc,median,13,
mfcc,median,14,
mfcc,median,15,
mfcc,median,16,
mfcc,median,17,
mfcc,median,18,
mfcc,median,19,
mfcc,median,20,
mfcc,min,01,
mfcc,min,02,
mfcc,min,03,
mfcc,min,04,
mfcc,min,05,
mfcc,min,06,
mfcc,min,07,
mfcc,min,08,
mfcc,min,09,
mfcc,min,10,
mfcc,min,11,
mfcc,min,12,
mfcc,min,13,
mfcc,min,14,
mfcc,min,15,
mfcc,min,16,
mfcc,min,17,
mfcc,min,18,
mfcc,min,19,
mfcc,min,20,
mfcc,skew,01,
mfcc,skew,02,
mfcc,skew,03,
mfcc,skew,04,
mfcc,skew,05,
mfcc,skew,06,
mfcc,skew,07,
mfcc,skew,08,
mfcc,skew,09,
mfcc,skew,10,
mfcc,skew,11,
mfcc,skew,12,
mfcc,skew,13,
mfcc,skew,14,
mfcc,skew,15,
mfcc,skew,16,
mfcc,skew,17,
mfcc,skew,18,
mfcc,skew,19,
mfcc,skew,20,
mfcc,std,01,
mfcc,std,02,
mfcc,std,03,
mfcc,std,04,
mfcc,std,05,
mfcc,std,06,
mfcc,std,07,
mfcc,std,08,
mfcc,std,09,
mfcc,std,10,
mfcc,std,11,
mfcc,std,12,
mfcc,std,13,
mfcc,std,14,
mfcc,std,15,
mfcc,std,16,
mfcc,std,17,
mfcc,std,18,
mfcc,std,19,
mfcc,std,20,
mfcc,kurtosis,01,
mfcc,kurtosis,02,
mfcc,kurtosis,03,
mfcc,kurtosis,04,
mfcc,kurtosis,05,
mfcc,kurtosis,06,
mfcc,kurtosis,07,
mfcc,kurtosis,08,
mfcc,kurtosis,09,
mfcc,kurtosis,10,
mfcc,kurtosis,11,
mfcc,kurtosis,12,
mfcc,kurtosis,13,
mfcc,kurtosis,14,
mfcc,kurtosis,15,
mfcc,kurtosis,16,
mfcc,kurtosis,17,
mfcc,kurtosis,18,
mfcc,kurtosis,19,
mfcc,kurtosis,20,
mfcc,max,01,
mfcc,max,02,
mfcc,max,03,
mfcc,max,04,
mfcc,max,05,
mfcc,max,06,
mfcc,max,07,
mfcc,max,08,
mfcc,max,09,
mfcc,max,10,
mfcc,max,11,
mfcc,max,12,
mfcc,max,13,
mfcc,max,14,
mfcc,max,15,
mfcc,max,16,
mfcc,max,17,
mfcc,max,18,
mfcc,max,19,
mfcc,max,20,
mfcc,mean,01,
mfcc,mean,02,
mfcc,mean,03,
mfcc,mean,04,
mfcc,mean,05,
mfcc,mean,06,
mfcc,mean,07,
mfcc,mean,08,
mfcc,mean,09,
mfcc,mean,10,
mfcc,mean,11,
mfcc,mean,12,
mfcc,mean,13,
mfcc,mean,14,
mfcc,mean,15,
mfcc,mean,16,
mfcc,mean,17,
mfcc,mean,18,
mfcc,mean,19,
mfcc,mean,20,
mfcc,median,01,
mfcc,median,02,
mfcc,median,03,
mfcc,median,04,
mfcc,median,05,
mfcc,median,06,
mfcc,median,07,
mfcc,median,08,
mfcc,median,09,
mfcc,median,10,
mfcc,median,11,
mfcc,median,12,
mfcc,median,13,
mfcc,median,14,
mfcc,median,15,
mfcc,median,16,
mfcc,median,17,
mfcc,median,18,
mfcc,median,19,
mfcc,median,20,
mfcc,min,01,
mfcc,min,02,
mfcc,min,03,
mfcc,min,04,
mfcc,min,05,
mfcc,min,06,
mfcc,min,07,
mfcc,min,08,
mfcc,min,09,
mfcc,min,10,
mfcc,min,11,
mfcc,min,12,
mfcc,min,13,
mfcc,min,14,
mfcc,min,15,
mfcc,min,16,
mfcc,min,17,
mfcc,min,18,
mfcc,min,19,
mfcc,min,20,
mfcc,skew,01,
mfcc,skew,02,
mfcc,skew,03,
mfcc,skew,04,
mfcc,skew,05,
mfcc,skew,06,
mfcc,skew,07,
mfcc,skew,08,
mfcc,skew,09,
mfcc,skew,10,
mfcc,skew,11,
mfcc,skew,12,
mfcc,skew,13,
mfcc,skew,14,
mfcc,skew,15,
mfcc,skew,16,
mfcc,skew,17,
mfcc,skew,18,
mfcc,skew,19,
mfcc,skew,20,
mfcc,std,01,
mfcc,std,02,
mfcc,std,03,
mfcc,std,04,
mfcc,std,05,
mfcc,std,06,
mfcc,std,07,
mfcc,std,08,
mfcc,std,09,
mfcc,std,10,
mfcc,std,11,
mfcc,std,12,
mfcc,std,13,
mfcc,std,14,
mfcc,std,15,
mfcc,std,16,
mfcc,std,17,
mfcc,std,18,
mfcc,std,19,
mfcc,std,20,
mfcc,kurtosis,01,
mfcc,kurtosis,02,
mfcc,kurtosis,03,
mfcc,kurtosis,04,
mfcc,kurtosis,05,
mfcc,kurtosis,06,
mfcc,kurtosis,07,
mfcc,kurtosis,08,
mfcc,kurtosis,09,
mfcc,kurtosis,10,
mfcc,kurtosis,11,
mfcc,kurtosis,12,
mfcc,kurtosis,13,
mfcc,kurtosis,14,
mfcc,kurtosis,15,
mfcc,kurtosis,16,
mfcc,kurtosis,17,
mfcc,kurtosis,18,
mfcc,kurtosis,19,
mfcc,kurtosis,20,
mfcc,max,01,
mfcc,max,02,
mfcc,max,03,
mfcc,max,04,
mfcc,max,05,
mfcc,max,06,
mfcc,max,07,
mfcc,max,08,
mfcc,max,09,
mfcc,max,10,
mfcc,max,11,
mfcc,max,12,
mfcc,max,13,
mfcc,max,14,
mfcc,max,15,
mfcc,max,16,
mfcc,max,17,
mfcc,max,18,
mfcc,max,19,
mfcc,max,20,
mfcc,mean,01,
mfcc,mean,02,
mfcc,mean,03,
mfcc,mean,04,
mfcc,mean,05,
mfcc,mean,06,
mfcc,mean,07,
mfcc,mean,08,
mfcc,mean,09,
mfcc,mean,10,
mfcc,mean,11,
mfcc,mean,12,
mfcc,mean,13,
mfcc,mean,14,
mfcc,mean,15,
mfcc,mean,16,
mfcc,mean,17,
mfcc,mean,18,
mfcc,mean,19,
mfcc,mean,20,
mfcc,median,01,
mfcc,median,02,
mfcc,median,03,
mfcc,median,04,
mfcc,median,05,
mfcc,median,06,
mfcc,median,07,
mfcc,median,08,
mfcc,median,09,
mfcc,median,10,
mfcc,median,11,
mfcc,median,12,
mfcc,median,13,
mfcc,median,14,
mfcc,median,15,
mfcc,median,16,
mfcc,median,17,
mfcc,median,18,
mfcc,median,19,
mfcc,median,20,
mfcc,min,01,
mfcc,min,02,
mfcc,min,03,
mfcc,min,04,
mfcc,min,05,
mfcc,min,06,
mfcc,min,07,
mfcc,min,08,
mfcc,min,09,
mfcc,min,10,
mfcc,min,11,
mfcc,min,12,
mfcc,min,13,
mfcc,min,14,
mfcc,min,15,
mfcc,min,16,
mfcc,min,17,
mfcc,min,18,
mfcc,min,19,
mfcc,min,20,
mfcc,skew,01,
mfcc,skew,02,
mfcc,skew,03,
mfcc,skew,04,
mfcc,skew,05,
mfcc,skew,06,
mfcc,skew,07,
mfcc,skew,08,
mfcc,skew,09,
mfcc,skew,10,
mfcc,skew,11,
mfcc,skew,12,
mfcc,skew,13,
mfcc,skew,14,
mfcc,skew,15,
mfcc,skew,16,
mfcc,skew,17,
mfcc,skew,18,
mfcc,skew,19,
mfcc,skew,20,
mfcc,std,01,
mfcc,std,02,
mfcc,std,03,
mfcc,std,04,
mfcc,std,05,
mfcc,std,06,
mfcc,std,07,
mfcc,std,08,
mfcc,std,09,
mfcc,std,10,
mfcc,std,11,
mfcc,std,12,
mfcc,std,13,
mfcc,std,14,
mfcc,std,15,
mfcc,std,16,
mfcc,std,17,
mfcc,std,18,
mfcc,std,19,
mfcc,std,20,
